; HEADER_BLOCK_START
; generated by OrcaSlicer 2.4.2 on 2026-09-13 at 18:33:23
; total layer number: 4
; filament_density: 1.27
; filament_diameter: 1.75
; max_z_height: 0.34
; filament: 1
; HEADER_BLOCK_END

; external perimeters extrusion width = 0.42mm
; perimeters extrusion width = 0.45mm
; infill extrusion width = 0.45mm
; solid infill extrusion width = 0.42mm
; top infill extrusion width = 0.42mm
; support material extrusion width = 0.42mm
; first layer extrusion width = 0.56mm

; external perimeters extrusion width = 0.42mm
; perimeters extrusion width = 0.45mm
; infill extrusion width = 0.45mm
; solid infill extrusion width = 0.42mm
; top infill extrusion width = 0.42mm
; support material extrusion width = 0.42mm
; first layer extrusion width = 0.56mm

; EXECUTABLE_BLOCK_START
EXCLUDE_OBJECT_DEFINE NAME=Orca-PA-Calibration-Test CENTER=0,0 POLYGON=[[25,25],[205,25],[205,205],[25,205],[25,25]]
M73 P0 R16
M201 X3000 Y3000 Z150 E500
M203 X250 Y250 Z15 E25
M204 P3000 R3000 T3000 ; sets acceleration (P, T) and retract acceleration (R), mm/sec^2
M205 X8.00 Y8.00 Z0.40 E5.00 ; sets the jerk limits, mm/sec
M205 J0.010
;TYPE:Custom
M400 ;Wait for moves to finish
;Elegoo Neptune 3 Pro
;initial_filament:PETG
;curr_bed_type=High Temp Plate

M220 S100 ;Set the feed speed to 100%
M221 S100 ;Set the flow rate to 100%

M140 S80 ;Heat bed
M109 S235 ;Heat nozzle and wait

G90 ;Absolute positioning
M82 ;Extruder absolute mode

G28 ;Home all axes
M420 S1 ;Load saved mesh

G1 Z10 F1200 ;Move print head up
G1 X65 Y0.5 F18000 ;Move to purge position

G92 E0 ;Reset extruder

G1 Z0.35 F300 ;Move nozzle close to bed
G1 X165 E18 F300 ;Draw the first line
G1 Z0.6 F300 ;Move nozzle up
M73 P2 R15
G1 X162 F18000 ;Move to side

G92 E0 ;Reset extruder

;LAYER_COUNT:4
;LAYER:0
G90
G21
M83 ; use relative distances for extrusion
; filament start gcode
M900 K0.04; Override pressure advance value
M106 S0
;LAYER_CHANGE
;Z:0.1
;HEIGHT:0.1
;BEFORE_LAYER_CHANGE
;0.1
G92 E0

;LAYER:1

;_SET_FAN_SPEED_CHANGING_LAYER
M204 P3000
;CUSTOM_GCODE
; start pressure advance pattern for layer
G1 E-1.5 F1800
G1 X72.261 Y117.28 F15000
G1 E1.5 F1800
G1 Z.1 F15000
M900 K0; Override pressure advance value
G1 E-1.5 F1800
G1 X72.261 Y117.28 F15000
G1 E1.5 F1800

G1 X72.261 Y159.706 E.99742

G1 X157.739 Y159.706 E2.00953

G1 X157.739 Y117.28 E.99742

G1 X72.261 Y117.28 E2.00953
M73 P3 R15
G1 E-1.5
G1 X72.8 Y117.819 F15000
G1 E1.5 F1800

G1 X72.8 Y159.168 E.9721

G1 X157.2 Y159.168 E1.98421

G1 X157.2 Y117.819 E.9721

G1 X72.8 Y117.819 E1.98421
G1 E-1.5
M73 P4 R15
G1 X73.338 Y118.357 F15000
G1 E1.5 F1800

G1 X73.338 Y158.629 E.94678

G1 X156.662 Y158.629 E1.95889

G1 X156.662 Y118.357 E.94678

G1 X73.338 Y118.357 E1.95889
G1 E-1.5
M73 P5 R15
G1 X72.261 Y160.245 F15000
G1 E1.5 F1800

G1 X72.261 Y173.783 E.31828

G1 X157.739 Y173.783 E2.00953

G1 X157.739 Y160.245 E.31828

G1 X72.261 Y160.245 E2.00953
G1 E-1.5
G1 X72.8 Y160.783 F15000
G1 E1.5 F1800

G1 X72.8 Y173.245 E.29296

G1 X157.2 Y173.245 E1.98421

G1 X157.2 Y160.783 E.29296
M73 P6 R15

G1 X72.8 Y160.783 E1.98421
G1 E-1.5
G1 X73.338 Y161.322 F15000
G1 E1.5 F1800

G1 X73.338 Y172.706 E.26764

G1 X156.662 Y172.706 E1.95889

G1 X156.662 Y161.322 E.26764

G1 X73.338 Y161.322 E1.95889
G1 E-1.5
M73 P7 R15
G1 X73.711 Y161.695 F15000
G1 E1.5 F1800
G1 E-1.5
G1 X74.473 Y161.695 F15000
G1 E1.5 F1800

G1 X73.711 Y162.457 E.02532
G1 E-1.5
G1 X73.711 Y163.219 F15000
G1 E1.5 F1800

G1 X75.235 Y161.695 E.05064
G1 E-1.5
G1 X75.996 Y161.695 F15000
G1 E1.5 F1800

G1 X73.711 Y163.98 E.07596
G1 E-1.5
G1 X73.711 Y164.742 F15000
G1 E1.5 F1800

G1 X76.758 Y161.695 E.10129
G1 E-1.5
G1 X77.52 Y161.695 F15000
G1 E1.5 F1800

G1 X73.711 Y165.503 E.12661
G1 E-1.5
G1 X73.711 Y166.265 F15000
G1 E1.5 F1800

G1 X78.281 Y161.695 E.15193
G1 E-1.5
G1 X79.043 Y161.695 F15000
G1 E1.5 F1800

G1 X73.711 Y167.027 E.17725
G1 E-1.5
G1 X73.711 Y167.788 F15000
G1 E1.5 F1800

G1 X79.804 Y161.695 E.20257
G1 E-1.5
G1 X80.566 Y161.695 F15000
G1 E1.5 F1800

G1 X73.711 Y168.55 E.22789
G1 E-1.5
G1 X73.711 Y169.311 F15000
G1 E1.5 F1800

G1 X81.328 Y161.695 E.25321
G1 E-1.5
G1 X82.089 Y161.695 F15000
G1 E1.5 F1800

G1 X73.711 Y170.073 E.27854
G1 E-1.5
G1 X73.711 Y170.835 F15000
G1 E1.5 F1800

G1 X82.851 Y161.695 E.30386
G1 E-1.5
G1 X83.612 Y161.695 F15000
G1 E1.5 F1800

G1 X73.711 Y171.596 E.32918
G1 E-1.5
G1 X73.736 Y172.333 F15000
G1 E1.5 F1800

G1 X84.374 Y161.695 E.35368
G1 E-1.5
M73 P7 R14
G1 X85.136 Y161.695 F15000
G1 E1.5 F1800

G1 X74.498 Y172.333 E.35368
G1 E-1.5
G1 X75.26 Y172.333 F15000
G1 E1.5 F1800

G1 X85.897 Y161.695 E.35368
G1 E-1.5
M73 P8 R14
G1 X86.659 Y161.695 F15000
G1 E1.5 F1800

G1 X76.021 Y172.333 E.35368
G1 E-1.5
G1 X76.783 Y172.333 F15000
G1 E1.5 F1800

G1 X87.42 Y161.695 E.35368
G1 E-1.5
G1 X88.182 Y161.695 F15000
G1 E1.5 F1800

G1 X77.544 Y172.333 E.35368
G1 E-1.5
G1 X78.306 Y172.333 F15000
G1 E1.5 F1800

G1 X88.944 Y161.695 E.35368
G1 E-1.5
G1 X89.705 Y161.695 F15000
G1 E1.5 F1800

G1 X79.068 Y172.333 E.35368
G1 E-1.5
G1 X79.829 Y172.333 F15000
G1 E1.5 F1800

G1 X90.467 Y161.695 E.35368
G1 E-1.5
G1 X91.229 Y161.695 F15000
G1 E1.5 F1800

G1 X80.591 Y172.333 E.35368
G1 E-1.5
G1 X81.352 Y172.333 F15000
G1 E1.5 F1800

G1 X91.99 Y161.695 E.35368
G1 E-1.5
G1 X92.752 Y161.695 F15000
G1 E1.5 F1800

G1 X82.114 Y172.333 E.35368
G1 E-1.5
G1 X82.876 Y172.333 F15000
G1 E1.5 F1800

G1 X93.513 Y161.695 E.35368
G1 E-1.5
G1 X94.275 Y161.695 F15000
G1 E1.5 F1800

G1 X83.637 Y172.333 E.35368
G1 E-1.5
G1 X84.399 Y172.333 F15000
G1 E1.5 F1800

G1 X95.037 Y161.695 E.35368
G1 E-1.5
G1 X95.798 Y161.695 F15000
G1 E1.5 F1800

G1 X85.16 Y172.333 E.35368
G1 E-1.5
M73 P9 R14
G1 X85.922 Y172.333 F15000
G1 E1.5 F1800

G1 X96.56 Y161.695 E.35368
G1 E-1.5
G1 X97.321 Y161.695 F15000
G1 E1.5 F1800

G1 X86.684 Y172.333 E.35368
G1 E-1.5
G1 X87.445 Y172.333 F15000
G1 E1.5 F1800

G1 X98.083 Y161.695 E.35368
G1 E-1.5
G1 X98.845 Y161.695 F15000
G1 E1.5 F1800

G1 X88.207 Y172.333 E.35368
G1 E-1.5
G1 X88.969 Y172.333 F15000
G1 E1.5 F1800

G1 X99.606 Y161.695 E.35368
G1 E-1.5
G1 X100.368 Y161.695 F15000
G1 E1.5 F1800

G1 X89.73 Y172.333 E.35368
G1 E-1.5
G1 X90.492 Y172.333 F15000
G1 E1.5 F1800

G1 X101.129 Y161.695 E.35368
G1 E-1.5
G1 X101.891 Y161.695 F15000
G1 E1.5 F1800

G1 X91.253 Y172.333 E.35368
G1 E-1.5
G1 X92.015 Y172.333 F15000
G1 E1.5 F1800

G1 X102.653 Y161.695 E.35368
G1 E-1.5
G1 X103.414 Y161.695 F15000
G1 E1.5 F1800

G1 X92.777 Y172.333 E.35368
G1 E-1.5
G1 X93.538 Y172.333 F15000
G1 E1.5 F1800

G1 X104.176 Y161.695 E.35368
G1 E-1.5
G1 X104.938 Y161.695 F15000
G1 E1.5 F1800

G1 X94.3 Y172.333 E.35368
G1 E-1.5
G1 X95.061 Y172.333 F15000
G1 E1.5 F1800

G1 X105.699 Y161.695 E.35368
G1 E-1.5
G1 X106.461 Y161.695 F15000
G1 E1.5 F1800

G1 X95.823 Y172.333 E.35368
G1 E-1.5
M73 P10 R14
G1 X96.585 Y172.333 F15000
G1 E1.5 F1800

G1 X107.222 Y161.695 E.35368
G1 E-1.5
G1 X107.984 Y161.695 F15000
G1 E1.5 F1800

G1 X97.346 Y172.333 E.35368
G1 E-1.5
G1 X98.108 Y172.333 F15000
G1 E1.5 F1800

G1 X108.746 Y161.695 E.35368
G1 E-1.5
G1 X109.507 Y161.695 F15000
G1 E1.5 F1800

G1 X98.869 Y172.333 E.35368
G1 E-1.5
G1 X99.631 Y172.333 F15000
G1 E1.5 F1800

G1 X110.269 Y161.695 E.35368
G1 E-1.5
G1 X111.03 Y161.695 F15000
G1 E1.5 F1800

G1 X100.393 Y172.333 E.35368
G1 E-1.5
G1 X101.154 Y172.333 F15000
G1 E1.5 F1800

G1 X111.792 Y161.695 E.35368
G1 E-1.5
G1 X112.554 Y161.695 F15000
G1 E1.5 F1800

G1 X101.916 Y172.333 E.35368
G1 E-1.5
G1 X102.678 Y172.333 F15000
G1 E1.5 F1800

G1 X113.315 Y161.695 E.35368
G1 E-1.5
G1 X114.077 Y161.695 F15000
G1 E1.5 F1800

G1 X103.439 Y172.333 E.35368
G1 E-1.5
G1 X104.201 Y172.333 F15000
G1 E1.5 F1800

G1 X114.838 Y161.695 E.35368
G1 E-1.5
G1 X115.6 Y161.695 F15000
G1 E1.5 F1800

G1 X104.962 Y172.333 E.35368
G1 E-1.5
G1 X105.724 Y172.333 F15000
G1 E1.5 F1800

G1 X116.362 Y161.695 E.35368
G1 E-1.5
M73 P11 R14
G1 X117.123 Y161.695 F15000
G1 E1.5 F1800

G1 X106.486 Y172.333 E.35368
G1 E-1.5
G1 X107.247 Y172.333 F15000
G1 E1.5 F1800

G1 X117.885 Y161.695 E.35368
G1 E-1.5
G1 X118.646 Y161.695 F15000
G1 E1.5 F1800

G1 X108.009 Y172.333 E.35368
G1 E-1.5
G1 X108.77 Y172.333 F15000
G1 E1.5 F1800

G1 X119.408 Y161.695 E.35368
G1 E-1.5
G1 X120.17 Y161.695 F15000
G1 E1.5 F1800

G1 X109.532 Y172.333 E.35368
G1 E-1.5
G1 X110.294 Y172.333 F15000
G1 E1.5 F1800

G1 X120.931 Y161.695 E.35368
G1 E-1.5
G1 X121.693 Y161.695 F15000
G1 E1.5 F1800

G1 X111.055 Y172.333 E.35368
G1 E-1.5
G1 X111.817 Y172.333 F15000
G1 E1.5 F1800

G1 X122.455 Y161.695 E.35368
G1 E-1.5
G1 X123.216 Y161.695 F15000
G1 E1.5 F1800

G1 X112.578 Y172.333 E.35368
G1 E-1.5
G1 X113.34 Y172.333 F15000
G1 E1.5 F1800

G1 X123.978 Y161.695 E.35368
G1 E-1.5
G1 X124.739 Y161.695 F15000
G1 E1.5 F1800

G1 X114.102 Y172.333 E.35368
G1 E-1.5
G1 X114.863 Y172.333 F15000
G1 E1.5 F1800

G1 X125.501 Y161.695 E.35368
G1 E-1.5
G1 X126.263 Y161.695 F15000
G1 E1.5 F1800

G1 X115.625 Y172.333 E.35368
G1 E-1.5
G1 X116.386 Y172.333 F15000
G1 E1.5 F1800

G1 X127.024 Y161.695 E.35368
G1 E-1.5
M73 P12 R14
G1 X127.786 Y161.695 F15000
G1 E1.5 F1800

G1 X117.148 Y172.333 E.35368
G1 E-1.5
G1 X117.91 Y172.333 F15000
G1 E1.5 F1800

G1 X128.547 Y161.695 E.35368
G1 E-1.5
G1 X129.309 Y161.695 F15000
G1 E1.5 F1800

G1 X118.671 Y172.333 E.35368
G1 E-1.5
G1 X119.433 Y172.333 F15000
G1 E1.5 F1800

G1 X130.071 Y161.695 E.35368
G1 E-1.5
G1 X130.832 Y161.695 F15000
G1 E1.5 F1800

G1 X120.195 Y172.333 E.35368
G1 E-1.5
G1 X120.956 Y172.333 F15000
G1 E1.5 F1800

G1 X131.594 Y161.695 E.35368
G1 E-1.5
G1 X132.355 Y161.695 F15000
G1 E1.5 F1800

G1 X121.718 Y172.333 E.35368
G1 E-1.5
G1 X122.479 Y172.333 F15000
G1 E1.5 F1800

G1 X133.117 Y161.695 E.35368
G1 E-1.5
G1 X133.879 Y161.695 F15000
G1 E1.5 F1800

G1 X123.241 Y172.333 E.35368
G1 E-1.5
G1 X124.003 Y172.333 F15000
G1 E1.5 F1800

G1 X134.64 Y161.695 E.35368
G1 E-1.5
G1 X135.402 Y161.695 F15000
G1 E1.5 F1800

G1 X124.764 Y172.333 E.35368
G1 E-1.5
G1 X125.526 Y172.333 F15000
G1 E1.5 F1800

G1 X136.164 Y161.695 E.35368
G1 E-1.5
G1 X136.925 Y161.695 F15000
G1 E1.5 F1800

G1 X126.287 Y172.333 E.35368
G1 E-1.5
M73 P13 R14
G1 X127.049 Y172.333 F15000
G1 E1.5 F1800

G1 X137.687 Y161.695 E.35368
G1 E-1.5
G1 X138.448 Y161.695 F15000
G1 E1.5 F1800

G1 X127.811 Y172.333 E.35368
G1 E-1.5
G1 X128.572 Y172.333 F15000
G1 E1.5 F1800

G1 X139.21 Y161.695 E.35368
G1 E-1.5
G1 X139.972 Y161.695 F15000
G1 E1.5 F1800

G1 X129.334 Y172.333 E.35368
G1 E-1.5
G1 X130.095 Y172.333 F15000
G1 E1.5 F1800

G1 X140.733 Y161.695 E.35368
G1 E-1.5
G1 X141.495 Y161.695 F15000
G1 E1.5 F1800

G1 X130.857 Y172.333 E.35368
G1 E-1.5
G1 X131.619 Y172.333 F15000
G1 E1.5 F1800

G1 X142.256 Y161.695 E.35368
G1 E-1.5
G1 X143.018 Y161.695 F15000
G1 E1.5 F1800

G1 X132.38 Y172.333 E.35368
G1 E-1.5
G1 X133.142 Y172.333 F15000
G1 E1.5 F1800

G1 X143.78 Y161.695 E.35368
G1 E-1.5
G1 X144.541 Y161.695 F15000
G1 E1.5 F1800

G1 X133.904 Y172.333 E.35368
G1 E-1.5
G1 X134.665 Y172.333 F15000
G1 E1.5 F1800

G1 X145.303 Y161.695 E.35368
G1 E-1.5
G1 X146.064 Y161.695 F15000
G1 E1.5 F1800

G1 X135.427 Y172.333 E.35368
G1 E-1.5
G1 X136.188 Y172.333 F15000
G1 E1.5 F1800

G1 X146.826 Y161.695 E.35368
G1 E-1.5
G1 X147.588 Y161.695 F15000
G1 E1.5 F1800

G1 X136.95 Y172.333 E.35368
G1 E-1.5
M73 P14 R13
G1 X137.712 Y172.333 F15000
G1 E1.5 F1800

G1 X148.349 Y161.695 E.35368
G1 E-1.5
G1 X149.111 Y161.695 F15000
G1 E1.5 F1800

G1 X138.473 Y172.333 E.35368
G1 E-1.5
G1 X139.235 Y172.333 F15000
G1 E1.5 F1800

G1 X149.873 Y161.695 E.35368
G1 E-1.5
G1 X150.634 Y161.695 F15000
G1 E1.5 F1800

G1 X139.996 Y172.333 E.35368
G1 E-1.5
G1 X140.758 Y172.333 F15000
G1 E1.5 F1800

G1 X151.396 Y161.695 E.35368
G1 E-1.5
G1 X152.157 Y161.695 F15000
G1 E1.5 F1800

G1 X141.52 Y172.333 E.35368
G1 E-1.5
G1 X142.281 Y172.333 F15000
G1 E1.5 F1800

G1 X152.919 Y161.695 E.35368
G1 E-1.5
G1 X153.681 Y161.695 F15000
G1 E1.5 F1800

G1 X143.043 Y172.333 E.35368
G1 E-1.5
G1 X143.804 Y172.333 F15000
G1 E1.5 F1800

G1 X154.442 Y161.695 E.35368
G1 E-1.5
G1 X155.204 Y161.695 F15000
G1 E1.5 F1800

G1 X144.566 Y172.333 E.35368
G1 E-1.5
G1 X145.328 Y172.333 F15000
G1 E1.5 F1800

G1 X155.965 Y161.695 E.35368
G1 E-1.5
G1 X156.289 Y162.134 F15000
G1 E1.5 F1800

G1 X146.089 Y172.333 E.3391
G1 E-1.5
G1 X146.851 Y172.333 F15000
G1 E1.5 F1800

G1 X156.289 Y162.895 E.31378
G1 E-1.5
M73 P15 R13
G1 X156.289 Y163.657 F15000
G1 E1.5 F1800

G1 X147.613 Y172.333 E.28845
G1 E-1.5
G1 X148.374 Y172.333 F15000
G1 E1.5 F1800

G1 X156.289 Y164.419 E.26313
G1 E-1.5
G1 X156.289 Y165.18 F15000
G1 E1.5 F1800

G1 X149.136 Y172.333 E.23781
G1 E-1.5
G1 X149.897 Y172.333 F15000
G1 E1.5 F1800

G1 X156.289 Y165.942 E.21249
G1 E-1.5
G1 X156.289 Y166.704 F15000
G1 E1.5 F1800

G1 X150.659 Y172.333 E.18717
G1 E-1.5
G1 X151.421 Y172.333 F15000
G1 E1.5 F1800

G1 X156.289 Y167.465 E.16185
G1 E-1.5
G1 X156.289 Y168.227 F15000
G1 E1.5 F1800

G1 X152.182 Y172.333 E.13652
G1 E-1.5
G1 X152.944 Y172.333 F15000
G1 E1.5 F1800

G1 X156.289 Y168.988 E.1112
G1 E-1.5
G1 X156.289 Y169.75 F15000
G1 E1.5 F1800

G1 X153.705 Y172.333 E.08588
G1 E-1.5
G1 X154.467 Y172.333 F15000
G1 E1.5 F1800

G1 X156.289 Y170.512 E.06056
G1 E-1.5
G1 X156.289 Y171.273 F15000
G1 E1.5 F1800

G1 X155.229 Y172.333 E.03524
G1 E-1.5
G1 Z.5 F15000
G1 X76.349 Y118.73
G1 Z.1
G1 E1.5 F1800
M900 K0; Override pressure advance value

G1 X96.111 Y138.493 E.52285

G1 X76.349 Y158.256 E.52285
G1 E-1.5
G1 Z.5 F15000
G1 X76.961 Y118.73
G1 Z.1
G1 E1.5 F1800

G1 X96.723 Y138.493 E.52285

G1 X76.961 Y158.256 E.52285
G1 E-1.5
M73 P16 R13
G1 Z.5 F15000
G1 X77.573 Y118.73
G1 Z.1
G1 E1.5 F1800

G1 X97.336 Y138.493 E.52285

G1 X77.573 Y158.256 E.52285
G1 E-1.5
G1 Z.5 F15000
G1 X80.023 Y118.73
G1 Z.1
G1 E1.5 F1800
M900 K0.005; Override pressure advance value

G1 X99.786 Y138.493 E.52285

G1 X80.023 Y158.256 E.52285
G1 E-1.5
G1 Z.5 F15000
G1 X80.635 Y118.73
G1 Z.1
G1 E1.5 F1800

G1 X100.398 Y138.493 E.52285

G1 X80.635 Y158.256 E.52285
G1 E-1.5
G1 Z.5 F15000
G1 X81.247 Y118.73
G1 Z.1
G1 E1.5 F1800

G1 X101.01 Y138.493 E.52285

G1 X81.247 Y158.256 E.52285
G1 E-1.5
M73 P17 R13
G1 Z.5 F15000
G1 X83.697 Y118.73
G1 Z.1
G1 E1.5 F1800
M900 K0.01; Override pressure advance value

G1 X103.46 Y138.493 E.52285

G1 X83.697 Y158.256 E.52285
G1 E-1.5
G1 Z.5 F15000
G1 X84.309 Y118.73
G1 Z.1
G1 E1.5 F1800

G1 X104.072 Y138.493 E.52285

G1 X84.309 Y158.256 E.52285
G1 E-1.5
G1 Z.5 F15000
G1 X84.921 Y118.73
G1 Z.1
G1 E1.5 F1800

G1 X104.684 Y138.493 E.52285

G1 X84.921 Y158.256 E.52285
G1 E-1.5
G1 Z.5 F15000
G1 X87.371 Y118.73
G1 Z.1
G1 E1.5 F1800
M900 K0.015; Override pressure advance value

G1 X107.134 Y138.493 E.52285

G1 X87.371 Y158.256 E.52285
G1 E-1.5
M73 P18 R13
G1 Z.5 F15000
G1 X87.983 Y118.73
G1 Z.1
G1 E1.5 F1800

G1 X107.746 Y138.493 E.52285

G1 X87.983 Y158.256 E.52285
G1 E-1.5
G1 Z.5 F15000
G1 X88.595 Y118.73
G1 Z.1
G1 E1.5 F1800

G1 X108.358 Y138.493 E.52285

G1 X88.595 Y158.256 E.52285
G1 E-1.5
G1 Z.5 F15000
G1 X91.045 Y118.73
G1 Z.1
G1 E1.5 F1800
M900 K0.02; Override pressure advance value

G1 X110.808 Y138.493 E.52285

G1 X91.045 Y158.256 E.52285
G1 E-1.5
G1 Z.5 F15000
G1 X91.658 Y118.73
G1 Z.1
G1 E1.5 F1800

G1 X111.42 Y138.493 E.52285

G1 X91.658 Y158.256 E.52285
G1 E-1.5
M73 P19 R13
G1 Z.5 F15000
G1 X92.27 Y118.73
G1 Z.1
G1 E1.5 F1800

G1 X112.033 Y138.493 E.52285

G1 X92.27 Y158.256 E.52285
G1 E-1.5
G1 Z.5 F15000
G1 X94.72 Y118.73
G1 Z.1
G1 E1.5 F1800
M900 K0.025; Override pressure advance value

G1 X114.483 Y138.493 E.52285

G1 X94.72 Y158.256 E.52285
G1 E-1.5
G1 Z.5 F15000
G1 X95.332 Y118.73
G1 Z.1
G1 E1.5 F1800

G1 X115.095 Y138.493 E.52285

G1 X95.332 Y158.256 E.52285
G1 E-1.5
G1 Z.5 F15000
G1 X95.944 Y118.73
G1 Z.1
G1 E1.5 F1800

G1 X115.707 Y138.493 E.52285

G1 X95.944 Y158.256 E.52285
G1 E-1.5
M73 P20 R13
G1 Z.5 F15000
G1 X98.394 Y118.73
G1 Z.1
G1 E1.5 F1800
M900 K0.03; Override pressure advance value

G1 X118.157 Y138.493 E.52285

G1 X98.394 Y158.256 E.52285
M73 P20 R12
G1 E-1.5
G1 Z.5 F15000
G1 X99.006 Y118.73
G1 Z.1
G1 E1.5 F1800

G1 X118.769 Y138.493 E.52285

G1 X99.006 Y158.256 E.52285
G1 E-1.5
G1 Z.5 F15000
G1 X99.618 Y118.73
G1 Z.1
G1 E1.5 F1800

G1 X119.381 Y138.493 E.52285

G1 X99.618 Y158.256 E.52285
G1 E-1.5
G1 Z.5 F15000
G1 X102.068 Y118.73
G1 Z.1
G1 E1.5 F1800
M900 K0.035; Override pressure advance value

G1 X121.831 Y138.493 E.52285

G1 X102.068 Y158.256 E.52285
G1 E-1.5
M73 P21 R12
G1 Z.5 F15000
G1 X102.68 Y118.73
G1 Z.1
G1 E1.5 F1800

G1 X122.443 Y138.493 E.52285

G1 X102.68 Y158.256 E.52285
G1 E-1.5
G1 Z.5 F15000
G1 X103.292 Y118.73
G1 Z.1
G1 E1.5 F1800

G1 X123.055 Y138.493 E.52285

G1 X103.292 Y158.256 E.52285
G1 E-1.5
G1 Z.5 F15000
G1 X105.742 Y118.73
G1 Z.1
G1 E1.5 F1800
M900 K0.04; Override pressure advance value

G1 X125.505 Y138.493 E.52285

G1 X105.742 Y158.256 E.52285
G1 E-1.5
G1 Z.5 F15000
G1 X106.355 Y118.73
G1 Z.1
G1 E1.5 F1800

G1 X126.117 Y138.493 E.52285

G1 X106.355 Y158.256 E.52285
G1 E-1.5
M73 P22 R12
G1 Z.5 F15000
G1 X106.967 Y118.73
G1 Z.1
G1 E1.5 F1800

G1 X126.729 Y138.493 E.52285

G1 X106.967 Y158.256 E.52285
G1 E-1.5
G1 Z.5 F15000
G1 X109.417 Y118.73
G1 Z.1
G1 E1.5 F1800
M900 K0.045; Override pressure advance value

G1 X129.179 Y138.493 E.52285

G1 X109.417 Y158.256 E.52285
G1 E-1.5
G1 Z.5 F15000
G1 X110.029 Y118.73
G1 Z.1
G1 E1.5 F1800

G1 X129.792 Y138.493 E.52285

G1 X110.029 Y158.256 E.52285
G1 E-1.5
G1 Z.5 F15000
G1 X110.641 Y118.73
G1 Z.1
G1 E1.5 F1800

G1 X130.404 Y138.493 E.52285

G1 X110.641 Y158.256 E.52285
G1 E-1.5
M73 P23 R12
G1 Z.5 F15000
G1 X113.091 Y118.73
G1 Z.1
G1 E1.5 F1800
M900 K0.05; Override pressure advance value

G1 X132.854 Y138.493 E.52285

G1 X113.091 Y158.256 E.52285
G1 E-1.5
G1 Z.5 F15000
G1 X113.703 Y118.73
G1 Z.1
G1 E1.5 F1800

G1 X133.466 Y138.493 E.52285

G1 X113.703 Y158.256 E.52285
G1 E-1.5
G1 Z.5 F15000
G1 X114.315 Y118.73
G1 Z.1
G1 E1.5 F1800

G1 X134.078 Y138.493 E.52285

G1 X114.315 Y158.256 E.52285
G1 E-1.5
G1 Z.5 F15000
G1 X116.765 Y118.73
G1 Z.1
G1 E1.5 F1800
M900 K0.055; Override pressure advance value

G1 X136.528 Y138.493 E.52285

G1 X116.765 Y158.256 E.52285
G1 E-1.5
M73 P24 R12
G1 Z.5 F15000
G1 X117.377 Y118.73
G1 Z.1
G1 E1.5 F1800

G1 X137.14 Y138.493 E.52285

G1 X117.377 Y158.256 E.52285
G1 E-1.5
G1 Z.5 F15000
G1 X117.989 Y118.73
G1 Z.1
G1 E1.5 F1800

G1 X137.752 Y138.493 E.52285

G1 X117.989 Y158.256 E.52285
G1 E-1.5
G1 Z.5 F15000
G1 X120.439 Y118.73
G1 Z.1
G1 E1.5 F1800
M900 K0.06; Override pressure advance value

G1 X140.202 Y138.493 E.52285

G1 X120.439 Y158.256 E.52285
G1 E-1.5
G1 Z.5 F15000
G1 X121.051 Y118.73
G1 Z.1
G1 E1.5 F1800

G1 X140.814 Y138.493 E.52285

G1 X121.051 Y158.256 E.52285
G1 E-1.5
M73 P25 R12
G1 Z.5 F15000
G1 X121.664 Y118.73
G1 Z.1
G1 E1.5 F1800

G1 X141.426 Y138.493 E.52285

G1 X121.664 Y158.256 E.52285
G1 E-1.5
G1 Z.5 F15000
G1 X124.114 Y118.73
G1 Z.1
G1 E1.5 F1800
M900 K0.065; Override pressure advance value

G1 X143.876 Y138.493 E.52285

G1 X124.114 Y158.256 E.52285
G1 E-1.5
G1 Z.5 F15000
G1 X124.726 Y118.73
G1 Z.1
G1 E1.5 F1800

G1 X144.488 Y138.493 E.52285

G1 X124.726 Y158.256 E.52285
G1 E-1.5
G1 Z.5 F15000
G1 X125.338 Y118.73
G1 Z.1
G1 E1.5 F1800

G1 X145.101 Y138.493 E.52285

G1 X125.338 Y158.256 E.52285
G1 E-1.5
M73 P26 R12
G1 Z.5 F15000
G1 X127.788 Y118.73
G1 Z.1
G1 E1.5 F1800
M900 K0.07; Override pressure advance value

G1 X147.551 Y138.493 E.52285

G1 X127.788 Y158.256 E.52285
G1 E-1.5
G1 Z.5 F15000
G1 X128.4 Y118.73
M73 P26 R11
G1 Z.1
G1 E1.5 F1800

G1 X148.163 Y138.493 E.52285

G1 X128.4 Y158.256 E.52285
G1 E-1.5
G1 Z.5 F15000
G1 X129.012 Y118.73
G1 Z.1
G1 E1.5 F1800

G1 X148.775 Y138.493 E.52285

G1 X129.012 Y158.256 E.52285
G1 E-1.5
G1 Z.5 F15000
G1 X131.462 Y118.73
G1 Z.1
G1 E1.5 F1800
M900 K0.075; Override pressure advance value

G1 X151.225 Y138.493 E.52285

G1 X131.462 Y158.256 E.52285
G1 E-1.5
M73 P27 R11
G1 Z.5 F15000
G1 X132.074 Y118.73
G1 Z.1
G1 E1.5 F1800

G1 X151.837 Y138.493 E.52285

G1 X132.074 Y158.256 E.52285
G1 E-1.5
G1 Z.5 F15000
G1 X132.686 Y118.73
G1 Z.1
G1 E1.5 F1800

G1 X152.449 Y138.493 E.52285

G1 X132.686 Y158.256 E.52285
G1 E-1.5
G1 Z.5 F15000
G1 X135.136 Y118.73
G1 Z.1
G1 E1.5 F1800
M900 K0.08; Override pressure advance value

G1 X154.899 Y138.493 E.52285

G1 X135.136 Y158.256 E.52285
G1 E-1.5
G1 Z.5 F15000
G1 X135.748 Y118.73
G1 Z.1
G1 E1.5 F1800

G1 X155.511 Y138.493 E.52285

G1 X135.748 Y158.256 E.52285
G1 E-1.5
M73 P28 R11
G1 Z.5 F15000
G1 X136.361 Y118.73
G1 Z.1
G1 E1.5 F1800

G1 X156.123 Y138.493 E.52285

G1 X136.361 Y158.256 E.52285
G1 E-1.5
G1 Z.5 F15000
G1 X76.349 Y118.73
G1 Z.1
G1 E1.5 F1800
; end pressure advance pattern for layer
; start pressure advance pattern for layer
G1 E-1.5
G1 X72.261 Y57.294 F15000
G1 E1.5 F1800
G1 Z.1 F15000
M900 K0; Override pressure advance value
G1 E-1.5 F1800
G1 X72.261 Y57.294 F15000
G1 E1.5 F1800

G1 X72.261 Y99.72 E.99742

G1 X157.739 Y99.72 E2.00953

G1 X157.739 Y57.294 E.99742

G1 X72.261 Y57.294 E2.00953
M73 P29 R11
G1 E-1.5
G1 X72.8 Y57.832 F15000
G1 E1.5 F1800

G1 X72.8 Y99.181 E.9721

G1 X157.2 Y99.181 E1.98421

G1 X157.2 Y57.832 E.9721

G1 X72.8 Y57.832 E1.98421
G1 E-1.5
M73 P30 R11
G1 X73.338 Y58.371 F15000
G1 E1.5 F1800

G1 X73.338 Y98.643 E.94678

G1 X156.662 Y98.643 E1.95889

G1 X156.662 Y58.371 E.94678

G1 X73.338 Y58.371 E1.95889
G1 E-1.5
M73 P31 R11
G1 X72.261 Y100.259 F15000
G1 E1.5 F1800

G1 X72.261 Y113.797 E.31828

G1 X157.739 Y113.797 E2.00953

G1 X157.739 Y100.259 E.31828

G1 X72.261 Y100.259 E2.00953
G1 E-1.5
G1 X72.8 Y100.797 F15000
G1 E1.5 F1800

G1 X72.8 Y113.259 E.29296

G1 X157.2 Y113.259 E1.98421

G1 X157.2 Y100.797 E.29296
M73 P32 R11

G1 X72.8 Y100.797 E1.98421
G1 E-1.5
M73 P32 R10
G1 X73.338 Y101.336 F15000
G1 E1.5 F1800

G1 X73.338 Y112.72 E.26764

G1 X156.662 Y112.72 E1.95889

G1 X156.662 Y101.336 E.26764

G1 X73.338 Y101.336 E1.95889
G1 E-1.5
M73 P33 R10
G1 X73.711 Y101.709 F15000
G1 E1.5 F1800
G1 E-1.5
G1 X74.473 Y101.709 F15000
G1 E1.5 F1800

G1 X73.711 Y102.471 E.02532
G1 E-1.5
G1 X73.711 Y103.232 F15000
G1 E1.5 F1800

G1 X75.235 Y101.709 E.05064
G1 E-1.5
G1 X75.996 Y101.709 F15000
G1 E1.5 F1800

G1 X73.711 Y103.994 E.07596
G1 E-1.5
G1 X73.711 Y104.755 F15000
G1 E1.5 F1800

G1 X76.758 Y101.709 E.10129
G1 E-1.5
G1 X77.52 Y101.709 F15000
G1 E1.5 F1800

G1 X73.711 Y105.517 E.12661
G1 E-1.5
G1 X73.711 Y106.279 F15000
G1 E1.5 F1800

G1 X78.281 Y101.709 E.15193
G1 E-1.5
G1 X79.043 Y101.709 F15000
G1 E1.5 F1800

G1 X73.711 Y107.04 E.17725
G1 E-1.5
G1 X73.711 Y107.802 F15000
G1 E1.5 F1800

G1 X79.804 Y101.709 E.20257
G1 E-1.5
G1 X80.566 Y101.709 F15000
G1 E1.5 F1800

G1 X73.711 Y108.563 E.22789
G1 E-1.5
G1 X73.711 Y109.325 F15000
G1 E1.5 F1800

G1 X81.328 Y101.709 E.25321
G1 E-1.5
G1 X82.089 Y101.709 F15000
G1 E1.5 F1800

G1 X73.711 Y110.087 E.27854
G1 E-1.5
G1 X73.711 Y110.848 F15000
G1 E1.5 F1800

G1 X82.851 Y101.709 E.30386
G1 E-1.5
G1 X83.612 Y101.709 F15000
G1 E1.5 F1800

G1 X73.711 Y111.61 E.32918
G1 E-1.5
G1 X73.736 Y112.347 F15000
G1 E1.5 F1800

G1 X84.374 Y101.709 E.35368
G1 E-1.5
G1 X85.136 Y101.709 F15000
G1 E1.5 F1800

G1 X74.498 Y112.347 E.35368
G1 E-1.5
G1 X75.26 Y112.347 F15000
G1 E1.5 F1800

G1 X85.897 Y101.709 E.35368
G1 E-1.5
M73 P34 R10
G1 X86.659 Y101.709 F15000
G1 E1.5 F1800

G1 X76.021 Y112.347 E.35368
G1 E-1.5
G1 X76.783 Y112.347 F15000
G1 E1.5 F1800

G1 X87.42 Y101.709 E.35368
G1 E-1.5
G1 X88.182 Y101.709 F15000
G1 E1.5 F1800

G1 X77.544 Y112.347 E.35368
G1 E-1.5
G1 X78.306 Y112.347 F15000
G1 E1.5 F1800

G1 X88.944 Y101.709 E.35368
G1 E-1.5
G1 X89.705 Y101.709 F15000
G1 E1.5 F1800

G1 X79.068 Y112.347 E.35368
G1 E-1.5
G1 X79.829 Y112.347 F15000
G1 E1.5 F1800

G1 X90.467 Y101.709 E.35368
G1 E-1.5
G1 X91.229 Y101.709 F15000
G1 E1.5 F1800

G1 X80.591 Y112.347 E.35368
G1 E-1.5
G1 X81.352 Y112.347 F15000
G1 E1.5 F1800

G1 X91.99 Y101.709 E.35368
G1 E-1.5
G1 X92.752 Y101.709 F15000
G1 E1.5 F1800

G1 X82.114 Y112.347 E.35368
G1 E-1.5
G1 X82.876 Y112.347 F15000
G1 E1.5 F1800

G1 X93.513 Y101.709 E.35368
G1 E-1.5
G1 X94.275 Y101.709 F15000
G1 E1.5 F1800

G1 X83.637 Y112.347 E.35368
G1 E-1.5
G1 X84.399 Y112.347 F15000
G1 E1.5 F1800

G1 X95.037 Y101.709 E.35368
G1 E-1.5
G1 X95.798 Y101.709 F15000
G1 E1.5 F1800

G1 X85.16 Y112.347 E.35368
G1 E-1.5
M73 P35 R10
G1 X85.922 Y112.347 F15000
G1 E1.5 F1800

G1 X96.56 Y101.709 E.35368
G1 E-1.5
G1 X97.321 Y101.709 F15000
G1 E1.5 F1800

G1 X86.684 Y112.347 E.35368
G1 E-1.5
G1 X87.445 Y112.347 F15000
G1 E1.5 F1800

G1 X98.083 Y101.709 E.35368
G1 E-1.5
G1 X98.845 Y101.709 F15000
G1 E1.5 F1800

G1 X88.207 Y112.347 E.35368
G1 E-1.5
G1 X88.969 Y112.347 F15000
G1 E1.5 F1800

G1 X99.606 Y101.709 E.35368
G1 E-1.5
G1 X100.368 Y101.709 F15000
G1 E1.5 F1800

G1 X89.73 Y112.347 E.35368
G1 E-1.5
G1 X90.492 Y112.347 F15000
G1 E1.5 F1800

G1 X101.129 Y101.709 E.35368
G1 E-1.5
G1 X101.891 Y101.709 F15000
G1 E1.5 F1800

G1 X91.253 Y112.347 E.35368
G1 E-1.5
G1 X92.015 Y112.347 F15000
G1 E1.5 F1800

G1 X102.653 Y101.709 E.35368
G1 E-1.5
G1 X103.414 Y101.709 F15000
G1 E1.5 F1800

G1 X92.777 Y112.347 E.35368
G1 E-1.5
G1 X93.538 Y112.347 F15000
G1 E1.5 F1800

G1 X104.176 Y101.709 E.35368
G1 E-1.5
G1 X104.938 Y101.709 F15000
G1 E1.5 F1800

G1 X94.3 Y112.347 E.35368
G1 E-1.5
G1 X95.061 Y112.347 F15000
G1 E1.5 F1800

G1 X105.699 Y101.709 E.35368
G1 E-1.5
G1 X106.461 Y101.709 F15000
G1 E1.5 F1800

G1 X95.823 Y112.347 E.35368
G1 E-1.5
M73 P36 R10
G1 X96.585 Y112.347 F15000
G1 E1.5 F1800

G1 X107.222 Y101.709 E.35368
G1 E-1.5
G1 X107.984 Y101.709 F15000
G1 E1.5 F1800

G1 X97.346 Y112.347 E.35368
G1 E-1.5
G1 X98.108 Y112.347 F15000
G1 E1.5 F1800

G1 X108.746 Y101.709 E.35368
G1 E-1.5
G1 X109.507 Y101.709 F15000
G1 E1.5 F1800

G1 X98.869 Y112.347 E.35368
G1 E-1.5
G1 X99.631 Y112.347 F15000
G1 E1.5 F1800

G1 X110.269 Y101.709 E.35368
G1 E-1.5
G1 X111.03 Y101.709 F15000
G1 E1.5 F1800

G1 X100.393 Y112.347 E.35368
G1 E-1.5
G1 X101.154 Y112.347 F15000
G1 E1.5 F1800

G1 X111.792 Y101.709 E.35368
G1 E-1.5
G1 X112.554 Y101.709 F15000
G1 E1.5 F1800

G1 X101.916 Y112.347 E.35368
G1 E-1.5
G1 X102.678 Y112.347 F15000
G1 E1.5 F1800

G1 X113.315 Y101.709 E.35368
G1 E-1.5
G1 X114.077 Y101.709 F15000
G1 E1.5 F1800

G1 X103.439 Y112.347 E.35368
G1 E-1.5
G1 X104.201 Y112.347 F15000
G1 E1.5 F1800

G1 X114.838 Y101.709 E.35368
G1 E-1.5
G1 X115.6 Y101.709 F15000
G1 E1.5 F1800

G1 X104.962 Y112.347 E.35368
G1 E-1.5
G1 X105.724 Y112.347 F15000
G1 E1.5 F1800

G1 X116.362 Y101.709 E.35368
G1 E-1.5
M73 P37 R10
G1 X117.123 Y101.709 F15000
G1 E1.5 F1800

G1 X106.486 Y112.347 E.35368
G1 E-1.5
G1 X107.247 Y112.347 F15000
G1 E1.5 F1800

G1 X117.885 Y101.709 E.35368
G1 E-1.5
G1 X118.646 Y101.709 F15000
G1 E1.5 F1800

G1 X108.009 Y112.347 E.35368
G1 E-1.5
G1 X108.77 Y112.347 F15000
G1 E1.5 F1800

G1 X119.408 Y101.709 E.35368
G1 E-1.5
G1 X120.17 Y101.709 F15000
G1 E1.5 F1800

G1 X109.532 Y112.347 E.35368
G1 E-1.5
G1 X110.294 Y112.347 F15000
G1 E1.5 F1800

G1 X120.931 Y101.709 E.35368
G1 E-1.5
G1 X121.693 Y101.709 F15000
G1 E1.5 F1800

G1 X111.055 Y112.347 E.35368
G1 E-1.5
G1 X111.817 Y112.347 F15000
G1 E1.5 F1800

G1 X122.455 Y101.709 E.35368
G1 E-1.5
G1 X123.216 Y101.709 F15000
G1 E1.5 F1800

G1 X112.578 Y112.347 E.35368
G1 E-1.5
G1 X113.34 Y112.347 F15000
G1 E1.5 F1800

G1 X123.978 Y101.709 E.35368
G1 E-1.5
G1 X124.739 Y101.709 F15000
G1 E1.5 F1800

G1 X114.102 Y112.347 E.35368
G1 E-1.5
G1 X114.863 Y112.347 F15000
G1 E1.5 F1800

G1 X125.501 Y101.709 E.35368
G1 E-1.5
G1 X126.263 Y101.709 F15000
G1 E1.5 F1800

G1 X115.625 Y112.347 E.35368
G1 E-1.5
G1 X116.386 Y112.347 F15000
G1 E1.5 F1800

G1 X127.024 Y101.709 E.35368
G1 E-1.5
M73 P38 R10
G1 X127.786 Y101.709 F15000
G1 E1.5 F1800

G1 X117.148 Y112.347 E.35368
G1 E-1.5
G1 X117.91 Y112.347 F15000
G1 E1.5 F1800

G1 X128.547 Y101.709 E.35368
G1 E-1.5
G1 X129.309 Y101.709 F15000
G1 E1.5 F1800

G1 X118.671 Y112.347 E.35368
G1 E-1.5
G1 X119.433 Y112.347 F15000
G1 E1.5 F1800

G1 X130.071 Y101.709 E.35368
G1 E-1.5
G1 X130.832 Y101.709 F15000
G1 E1.5 F1800

G1 X120.195 Y112.347 E.35368
G1 E-1.5
G1 X120.956 Y112.347 F15000
G1 E1.5 F1800

G1 X131.594 Y101.709 E.35368
G1 E-1.5
G1 X132.355 Y101.709 F15000
G1 E1.5 F1800

G1 X121.718 Y112.347 E.35368
G1 E-1.5
G1 X122.479 Y112.347 F15000
G1 E1.5 F1800

G1 X133.117 Y101.709 E.35368
G1 E-1.5
M73 P38 R9
G1 X133.879 Y101.709 F15000
G1 E1.5 F1800

G1 X123.241 Y112.347 E.35368
G1 E-1.5
G1 X124.003 Y112.347 F15000
G1 E1.5 F1800

G1 X134.64 Y101.709 E.35368
G1 E-1.5
G1 X135.402 Y101.709 F15000
G1 E1.5 F1800

G1 X124.764 Y112.347 E.35368
G1 E-1.5
G1 X125.526 Y112.347 F15000
G1 E1.5 F1800

G1 X136.164 Y101.709 E.35368
G1 E-1.5
G1 X136.925 Y101.709 F15000
G1 E1.5 F1800

G1 X126.287 Y112.347 E.35368
G1 E-1.5
M73 P39 R9
G1 X127.049 Y112.347 F15000
G1 E1.5 F1800

G1 X137.687 Y101.709 E.35368
G1 E-1.5
G1 X138.448 Y101.709 F15000
G1 E1.5 F1800

G1 X127.811 Y112.347 E.35368
G1 E-1.5
G1 X128.572 Y112.347 F15000
G1 E1.5 F1800

G1 X139.21 Y101.709 E.35368
G1 E-1.5
G1 X139.972 Y101.709 F15000
G1 E1.5 F1800

G1 X129.334 Y112.347 E.35368
G1 E-1.5
G1 X130.095 Y112.347 F15000
G1 E1.5 F1800

G1 X140.733 Y101.709 E.35368
G1 E-1.5
G1 X141.495 Y101.709 F15000
G1 E1.5 F1800

G1 X130.857 Y112.347 E.35368
G1 E-1.5
G1 X131.619 Y112.347 F15000
G1 E1.5 F1800

G1 X142.256 Y101.709 E.35368
G1 E-1.5
G1 X143.018 Y101.709 F15000
G1 E1.5 F1800

G1 X132.38 Y112.347 E.35368
G1 E-1.5
G1 X133.142 Y112.347 F15000
G1 E1.5 F1800

G1 X143.78 Y101.709 E.35368
G1 E-1.5
G1 X144.541 Y101.709 F15000
G1 E1.5 F1800

G1 X133.904 Y112.347 E.35368
G1 E-1.5
G1 X134.665 Y112.347 F15000
G1 E1.5 F1800

G1 X145.303 Y101.709 E.35368
G1 E-1.5
G1 X146.064 Y101.709 F15000
G1 E1.5 F1800

G1 X135.427 Y112.347 E.35368
G1 E-1.5
G1 X136.188 Y112.347 F15000
G1 E1.5 F1800

G1 X146.826 Y101.709 E.35368
G1 E-1.5
G1 X147.588 Y101.709 F15000
G1 E1.5 F1800

G1 X136.95 Y112.347 E.35368
G1 E-1.5
M73 P40 R9
G1 X137.712 Y112.347 F15000
G1 E1.5 F1800

G1 X148.349 Y101.709 E.35368
G1 E-1.5
G1 X149.111 Y101.709 F15000
G1 E1.5 F1800

G1 X138.473 Y112.347 E.35368
G1 E-1.5
G1 X139.235 Y112.347 F15000
G1 E1.5 F1800

G1 X149.873 Y101.709 E.35368
G1 E-1.5
G1 X150.634 Y101.709 F15000
G1 E1.5 F1800

G1 X139.996 Y112.347 E.35368
G1 E-1.5
G1 X140.758 Y112.347 F15000
G1 E1.5 F1800

G1 X151.396 Y101.709 E.35368
G1 E-1.5
G1 X152.157 Y101.709 F15000
G1 E1.5 F1800

G1 X141.52 Y112.347 E.35368
G1 E-1.5
G1 X142.281 Y112.347 F15000
G1 E1.5 F1800

G1 X152.919 Y101.709 E.35368
G1 E-1.5
G1 X153.681 Y101.709 F15000
G1 E1.5 F1800

G1 X143.043 Y112.347 E.35368
G1 E-1.5
G1 X143.804 Y112.347 F15000
G1 E1.5 F1800

G1 X154.442 Y101.709 E.35368
G1 E-1.5
G1 X155.204 Y101.709 F15000
G1 E1.5 F1800

G1 X144.566 Y112.347 E.35368
G1 E-1.5
G1 X145.328 Y112.347 F15000
G1 E1.5 F1800

G1 X155.965 Y101.709 E.35368
G1 E-1.5
G1 X156.289 Y102.147 F15000
G1 E1.5 F1800

G1 X146.089 Y112.347 E.3391
G1 E-1.5
G1 X146.851 Y112.347 F15000
G1 E1.5 F1800

G1 X156.289 Y102.909 E.31378
G1 E-1.5
G1 X156.289 Y103.671 F15000
G1 E1.5 F1800
M73 P41 R9

G1 X147.613 Y112.347 E.28845
G1 E-1.5
G1 X148.374 Y112.347 F15000
G1 E1.5 F1800

G1 X156.289 Y104.432 E.26313
G1 E-1.5
G1 X156.289 Y105.194 F15000
G1 E1.5 F1800

G1 X149.136 Y112.347 E.23781
G1 E-1.5
G1 X149.897 Y112.347 F15000
G1 E1.5 F1800

G1 X156.289 Y105.955 E.21249
G1 E-1.5
G1 X156.289 Y106.717 F15000
G1 E1.5 F1800

G1 X150.659 Y112.347 E.18717
G1 E-1.5
G1 X151.421 Y112.347 F15000
G1 E1.5 F1800

G1 X156.289 Y107.479 E.16185
G1 E-1.5
G1 X156.289 Y108.24 F15000
G1 E1.5 F1800

G1 X152.182 Y112.347 E.13652
G1 E-1.5
G1 X152.944 Y112.347 F15000
G1 E1.5 F1800

G1 X156.289 Y109.002 E.1112
G1 E-1.5
G1 X156.289 Y109.764 F15000
G1 E1.5 F1800

G1 X153.705 Y112.347 E.08588
G1 E-1.5
G1 X154.467 Y112.347 F15000
G1 E1.5 F1800

G1 X156.289 Y110.525 E.06056
G1 E-1.5
G1 X156.289 Y111.287 F15000
G1 E1.5 F1800

G1 X155.229 Y112.347 E.03524
G1 E-1.5
G1 Z.5 F15000
G1 X76.349 Y58.744
G1 Z.1
G1 E1.5 F1800
M900 K0; Override pressure advance value

G1 X96.111 Y78.507 E.52285

G1 X76.349 Y98.27 E.52285
G1 E-1.5
G1 Z.5 F15000
G1 X76.961 Y58.744
G1 Z.1
G1 E1.5 F1800

G1 X96.723 Y78.507 E.52285

G1 X76.961 Y98.27 E.52285
G1 E-1.5
M73 P42 R9
G1 Z.5 F15000
G1 X77.573 Y58.744
G1 Z.1
G1 E1.5 F1800

G1 X97.336 Y78.507 E.52285

G1 X77.573 Y98.27 E.52285
G1 E-1.5
G1 Z.5 F15000
G1 X80.023 Y58.744
G1 Z.1
G1 E1.5 F1800
M900 K0.005; Override pressure advance value

G1 X99.786 Y78.507 E.52285

G1 X80.023 Y98.27 E.52285
G1 E-1.5
G1 Z.5 F15000
G1 X80.635 Y58.744
G1 Z.1
G1 E1.5 F1800

G1 X100.398 Y78.507 E.52285

G1 X80.635 Y98.27 E.52285
G1 E-1.5
G1 Z.5 F15000
G1 X81.247 Y58.744
G1 Z.1
G1 E1.5 F1800

G1 X101.01 Y78.507 E.52285

G1 X81.247 Y98.27 E.52285
G1 E-1.5
M73 P43 R9
G1 Z.5 F15000
G1 X83.697 Y58.744
G1 Z.1
G1 E1.5 F1800
M900 K0.01; Override pressure advance value

G1 X103.46 Y78.507 E.52285

G1 X83.697 Y98.27 E.52285
G1 E-1.5
G1 Z.5 F15000
G1 X84.309 Y58.744
G1 Z.1
G1 E1.5 F1800

G1 X104.072 Y78.507 E.52285

G1 X84.309 Y98.27 E.52285
G1 E-1.5
G1 Z.5 F15000
G1 X84.921 Y58.744
G1 Z.1
G1 E1.5 F1800

G1 X104.684 Y78.507 E.52285

G1 X84.921 Y98.27 E.52285
G1 E-1.5
G1 Z.5 F15000
G1 X87.371 Y58.744
G1 Z.1
G1 E1.5 F1800
M900 K0.015; Override pressure advance value

G1 X107.134 Y78.507 E.52285

G1 X87.371 Y98.27 E.52285
G1 E-1.5
M73 P44 R9
G1 Z.5 F15000
G1 X87.983 Y58.744
G1 Z.1
G1 E1.5 F1800

G1 X107.746 Y78.507 E.52285

G1 X87.983 Y98.27 E.52285
G1 E-1.5
G1 Z.5 F15000
G1 X88.595 Y58.744
G1 Z.1
G1 E1.5 F1800

G1 X108.358 Y78.507 E.52285

G1 X88.595 Y98.27 E.52285
G1 E-1.5
G1 Z.5 F15000
G1 X91.045 Y58.744
G1 Z.1
G1 E1.5 F1800
M900 K0.02; Override pressure advance value

G1 X110.808 Y78.507 E.52285

G1 X91.045 Y98.27 E.52285
G1 E-1.5
M73 P44 R8
G1 Z.5 F15000
G1 X91.658 Y58.744
G1 Z.1
G1 E1.5 F1800

G1 X111.42 Y78.507 E.52285

G1 X91.658 Y98.27 E.52285
G1 E-1.5
M73 P45 R8
G1 Z.5 F15000
G1 X92.27 Y58.744
G1 Z.1
G1 E1.5 F1800

G1 X112.033 Y78.507 E.52285

G1 X92.27 Y98.27 E.52285
G1 E-1.5
G1 Z.5 F15000
G1 X94.72 Y58.744
G1 Z.1
G1 E1.5 F1800
M900 K0.025; Override pressure advance value

G1 X114.483 Y78.507 E.52285

G1 X94.72 Y98.27 E.52285
G1 E-1.5
G1 Z.5 F15000
G1 X95.332 Y58.744
G1 Z.1
G1 E1.5 F1800

G1 X115.095 Y78.507 E.52285

G1 X95.332 Y98.27 E.52285
G1 E-1.5
G1 Z.5 F15000
G1 X95.944 Y58.744
G1 Z.1
G1 E1.5 F1800

G1 X115.707 Y78.507 E.52285

G1 X95.944 Y98.27 E.52285
G1 E-1.5
M73 P46 R8
G1 Z.5 F15000
G1 X98.394 Y58.744
G1 Z.1
G1 E1.5 F1800
M900 K0.03; Override pressure advance value

G1 X118.157 Y78.507 E.52285

G1 X98.394 Y98.27 E.52285
G1 E-1.5
G1 Z.5 F15000
G1 X99.006 Y58.744
G1 Z.1
G1 E1.5 F1800

G1 X118.769 Y78.507 E.52285

G1 X99.006 Y98.27 E.52285
G1 E-1.5
G1 Z.5 F15000
G1 X99.618 Y58.744
G1 Z.1
G1 E1.5 F1800

G1 X119.381 Y78.507 E.52285

G1 X99.618 Y98.27 E.52285
G1 E-1.5
G1 Z.5 F15000
G1 X102.068 Y58.744
G1 Z.1
G1 E1.5 F1800
M900 K0.035; Override pressure advance value

G1 X121.831 Y78.507 E.52285

G1 X102.068 Y98.27 E.52285
G1 E-1.5
M73 P47 R8
G1 Z.5 F15000
G1 X102.68 Y58.744
G1 Z.1
G1 E1.5 F1800

G1 X122.443 Y78.507 E.52285

G1 X102.68 Y98.27 E.52285
G1 E-1.5
G1 Z.5 F15000
G1 X103.292 Y58.744
G1 Z.1
G1 E1.5 F1800

G1 X123.055 Y78.507 E.52285

G1 X103.292 Y98.27 E.52285
G1 E-1.5
G1 Z.5 F15000
G1 X105.742 Y58.744
G1 Z.1
G1 E1.5 F1800
M900 K0.04; Override pressure advance value

G1 X125.505 Y78.507 E.52285

G1 X105.742 Y98.27 E.52285
G1 E-1.5
G1 Z.5 F15000
G1 X106.355 Y58.744
G1 Z.1
G1 E1.5 F1800

G1 X126.117 Y78.507 E.52285

G1 X106.355 Y98.27 E.52285
G1 E-1.5
M73 P48 R8
G1 Z.5 F15000
G1 X106.967 Y58.744
G1 Z.1
G1 E1.5 F1800

G1 X126.729 Y78.507 E.52285

G1 X106.967 Y98.27 E.52285
G1 E-1.5
G1 Z.5 F15000
G1 X109.417 Y58.744
G1 Z.1
G1 E1.5 F1800
M900 K0.045; Override pressure advance value

G1 X129.179 Y78.507 E.52285

G1 X109.417 Y98.27 E.52285
G1 E-1.5
G1 Z.5 F15000
G1 X110.029 Y58.744
G1 Z.1
G1 E1.5 F1800

G1 X129.792 Y78.507 E.52285

G1 X110.029 Y98.27 E.52285
G1 E-1.5
G1 Z.5 F15000
G1 X110.641 Y58.744
G1 Z.1
G1 E1.5 F1800

G1 X130.404 Y78.507 E.52285

G1 X110.641 Y98.27 E.52285
G1 E-1.5
M73 P49 R8
G1 Z.5 F15000
G1 X113.091 Y58.744
G1 Z.1
G1 E1.5 F1800
M900 K0.05; Override pressure advance value

G1 X132.854 Y78.507 E.52285

G1 X113.091 Y98.27 E.52285
G1 E-1.5
G1 Z.5 F15000
G1 X113.703 Y58.744
G1 Z.1
G1 E1.5 F1800

G1 X133.466 Y78.507 E.52285

G1 X113.703 Y98.27 E.52285
G1 E-1.5
G1 Z.5 F15000
G1 X114.315 Y58.744
G1 Z.1
G1 E1.5 F1800

G1 X134.078 Y78.507 E.52285

G1 X114.315 Y98.27 E.52285
G1 E-1.5
G1 Z.5 F15000
G1 X116.765 Y58.744
G1 Z.1
G1 E1.5 F1800
M900 K0.055; Override pressure advance value

G1 X136.528 Y78.507 E.52285

G1 X116.765 Y98.27 E.52285
G1 E-1.5
M73 P50 R8
G1 Z.5 F15000
G1 X117.377 Y58.744
G1 Z.1
G1 E1.5 F1800

G1 X137.14 Y78.507 E.52285

G1 X117.377 Y98.27 E.52285
G1 E-1.5
G1 Z.5 F15000
G1 X117.989 Y58.744
G1 Z.1
G1 E1.5 F1800

G1 X137.752 Y78.507 E.52285

G1 X117.989 Y98.27 E.52285
G1 E-1.5
G1 Z.5 F15000
G1 X120.439 Y58.744
G1 Z.1
G1 E1.5 F1800
M900 K0.06; Override pressure advance value

G1 X140.202 Y78.507 E.52285

G1 X120.439 Y98.27 E.52285
G1 E-1.5
G1 Z.5 F15000
G1 X121.051 Y58.744
G1 Z.1
G1 E1.5 F1800

G1 X140.814 Y78.507 E.52285

G1 X121.051 Y98.27 E.52285
M73 P50 R7
G1 E-1.5
M73 P51 R7
G1 Z.5 F15000
G1 X121.664 Y58.744
G1 Z.1
G1 E1.5 F1800

G1 X141.426 Y78.507 E.52285

G1 X121.664 Y98.27 E.52285
G1 E-1.5
G1 Z.5 F15000
G1 X124.114 Y58.744
G1 Z.1
G1 E1.5 F1800
M900 K0.065; Override pressure advance value

G1 X143.876 Y78.507 E.52285

G1 X124.114 Y98.27 E.52285
G1 E-1.5
G1 Z.5 F15000
G1 X124.726 Y58.744
G1 Z.1
G1 E1.5 F1800

G1 X144.488 Y78.507 E.52285

G1 X124.726 Y98.27 E.52285
G1 E-1.5
G1 Z.5 F15000
G1 X125.338 Y58.744
G1 Z.1
G1 E1.5 F1800

G1 X145.101 Y78.507 E.52285

G1 X125.338 Y98.27 E.52285
G1 E-1.5
M73 P52 R7
G1 Z.5 F15000
G1 X127.788 Y58.744
G1 Z.1
G1 E1.5 F1800
M900 K0.07; Override pressure advance value

G1 X147.551 Y78.507 E.52285

G1 X127.788 Y98.27 E.52285
G1 E-1.5
G1 Z.5 F15000
G1 X128.4 Y58.744
G1 Z.1
G1 E1.5 F1800

G1 X148.163 Y78.507 E.52285

G1 X128.4 Y98.27 E.52285
G1 E-1.5
G1 Z.5 F15000
G1 X129.012 Y58.744
G1 Z.1
G1 E1.5 F1800

G1 X148.775 Y78.507 E.52285

G1 X129.012 Y98.27 E.52285
G1 E-1.5
G1 Z.5 F15000
G1 X131.462 Y58.744
G1 Z.1
G1 E1.5 F1800
M900 K0.075; Override pressure advance value

G1 X151.225 Y78.507 E.52285

G1 X131.462 Y98.27 E.52285
G1 E-1.5
M73 P53 R7
G1 Z.5 F15000
G1 X132.074 Y58.744
G1 Z.1
G1 E1.5 F1800

G1 X151.837 Y78.507 E.52285

G1 X132.074 Y98.27 E.52285
G1 E-1.5
G1 Z.5 F15000
G1 X132.686 Y58.744
G1 Z.1
G1 E1.5 F1800

G1 X152.449 Y78.507 E.52285

G1 X132.686 Y98.27 E.52285
G1 E-1.5
G1 Z.5 F15000
G1 X135.136 Y58.744
G1 Z.1
G1 E1.5 F1800
M900 K0.08; Override pressure advance value

G1 X154.899 Y78.507 E.52285

G1 X135.136 Y98.27 E.52285
G1 E-1.5
G1 Z.5 F15000
G1 X135.748 Y58.744
G1 Z.1
G1 E1.5 F1800

G1 X155.511 Y78.507 E.52285

G1 X135.748 Y98.27 E.52285
G1 E-1.5
M73 P54 R7
G1 Z.5 F15000
G1 X136.361 Y58.744
G1 Z.1
G1 E1.5 F1800

G1 X156.123 Y78.507 E.52285

G1 X136.361 Y98.27 E.52285
G1 E-1.5
G1 Z.5 F15000
G1 X76.349 Y58.744
G1 Z.1
G1 E1.5 F1800
; end pressure advance pattern for layer

M204 T3000
G1 E-1.5
M486 S0
G1 X74.918 Y137.45 F15000
G1 Z.5
G1 Z.1
G1 E1.5 F1800
;TYPE:Inner wall
;WIDTH:0.559999
G1 F600
G1 X77.004 Y137.45 E.04757
G1 X77.004 Y139.536 E.04757
G1 X74.918 Y139.536 E.04757
G1 X74.918 Y137.49 E.04665
G1 X74.38 Y136.912 F15000
G1 F600
G1 X77.543 Y136.912 E.07213
G1 X77.543 Y140.075 E.07213
G1 X74.38 Y140.075 E.07213
G1 X74.38 Y136.952 E.07122
G1 X73.841 Y136.373 F15000
;TYPE:Outer wall
G1 F1800
G1 X78.081 Y136.373 E.09669
G1 X78.081 Y140.613 E.09669
G1 X73.841 Y140.613 E.09669
G1 X73.841 Y136.413 E.09578
G1 E-1.5
G1 F15000
G1 X74.2025 Y137.405 Z0.157143
G1 X73.6521 Y138.307 Z0.214286
G1 X72.6043 Y138.438 Z0.271429
G1 X71.8481 Y137.701 Z0.328571
G1 X71.953 Y136.65 Z0.385714
G1 X72.8399 Y136.077 Z0.442857
G1 X73.8411 Y136.413 Z0.5
G1 X75.43 Y137.962 Z.5
G1 Z.1
G1 E1.5 F1800
;TYPE:Bottom surface
G1 F600
G1 X75.43 Y139.025 E.02423
G1 X76.492 Y139.025 E.02423
G1 X76.492 Y137.962 E.02423
G1 X75.47 Y137.962 E.02332
G1 X75.994 Y138.436 F15000
;WIDTH:0.54554
G1 F600
G1 X75.928 Y138.436 E.00145
G1 X75.896 Y138.493 E.00145
G1 X75.928 Y138.55 E.00145
G1 X75.994 Y138.55 E.00145
G1 X76.007 Y138.528 E.00057
G1 E-1.5 F1800
M486 S-1
M486 S0
G1 F15000
G1 X76.4808 Y137.584 Z0.157143
G1 X77.5142 Y137.367 Z0.214286
G1 X78.3286 Y138.039 Z0.271429
G1 X78.3107 Y139.095 Z0.328571
G1 X77.4741 Y139.739 Z0.385714
G1 X76.4486 Y139.487 Z0.442857
G1 X76.0066 Y138.528 Z0.5
G1 X77.004 Y79.55 Z.5
G1 Z.1
G1 E1.5 F1800
;TYPE:Inner wall
;WIDTH:0.559999
G1 F600
G1 X74.918 Y79.55 E.04757
G1 X74.918 Y77.464 E.04757
G1 X77.004 Y77.464 E.04757
G1 X77.004 Y79.51 E.04665
G1 X77.543 Y80.088 F15000
M73 P55 R7
G1 F600
G1 X74.38 Y80.088 E.07213
G1 X74.38 Y76.925 E.07213
G1 X77.543 Y76.925 E.07213
G1 X77.543 Y80.048 E.07122
G1 X78.081 Y80.627 F15000
;TYPE:Outer wall
G1 F1800
G1 X73.841 Y80.627 E.09669
G1 X73.841 Y76.387 E.09669
G1 X78.081 Y76.387 E.09669
G1 X78.081 Y80.587 E.09578
G1 E-1.5
G1 F15000
G1 X77.7247 Y79.5927 Z0.157143
G1 X78.2797 Y78.6943 Z0.214286
G1 X79.3282 Y78.5681 Z0.271429
G1 X80.0806 Y79.3091 Z0.328571
G1 X79.9703 Y80.3594 Z0.385714
G1 X79.0805 Y80.928 Z0.442857
G1 X78.0811 Y80.5868 Z0.5
G1 X75.43 Y77.975 Z.5
G1 Z.1
G1 E1.5 F1800
;TYPE:Bottom surface
G1 F600
G1 X75.43 Y79.038 E.02423
G1 X76.492 Y79.038 E.02423
G1 X76.492 Y77.975 E.02423
G1 X75.47 Y77.975 E.02332
G1 X75.994 Y78.45 F15000
;WIDTH:0.54554
G1 F600
G1 X75.928 Y78.45 E.00145
G1 X75.896 Y78.507 E.00145
G1 X75.928 Y78.564 E.00145
G1 X75.994 Y78.564 E.00145
G1 X76.007 Y78.541 E.00057
;LAYER_CHANGE
;Z:0.18
;HEIGHT:0.08
;BEFORE_LAYER_CHANGE
;0.18
G92 E0

M486 S-1
;LAYER:2

;_SET_FAN_SPEED_CHANGING_LAYER
;CUSTOM_GCODE
; start pressure advance pattern for layer
G1 Z.18 F15000
M900 K0; Override pressure advance value
G1 F30
G1 E-1.5 F1800
G1 X73.591 Y161.156 F15000
G1 E1.5 F1800
G1 X73.591 Y163.156 E.03023
G1 X77.591 Y163.156 E.06046
G1 X77.591 Y161.156 E.03023
G1 X73.816 Y161.156 E.06046
G1 F30
G1 E-1.5 F1800
G1 X80.94 Y161.156 F15000
G1 E1.5 F1800
G1 X80.94 Y163.156 E.03023
G1 X84.94 Y163.156 E.06046
G1 X84.94 Y161.156 E.03023
G1 X81.165 Y161.156 E.06046
G1 E-1.5
G1 X84.94 Y165.156 F15000
G1 E1.5 F1800
G1 X83.94 Y165.156 E.03023
G1 E-1.5
G1 X80.94 Y167.156 F15000
G1 E1.5 F1800
G1 X80.94 Y169.156 E.03023
G1 X84.94 Y169.156 E.06046
G1 X84.94 Y167.156 E.03023
G1 X81.165 Y167.156 E.06046
G1 E-1.5
G1 X80.94 Y171.156 F15000
G1 E1.5 F1800
G1 X84.94 Y171.156 E.06046
G1 F30
G1 E-1.5 F1800
G1 X88.288 Y161.156 F15000
G1 E1.5 F1800
G1 X88.288 Y163.156 E.03023
G1 X92.288 Y163.156 E.06046
G1 X92.288 Y161.156 E.03023
G1 X88.513 Y161.156 E.06046
G1 E-1.5
G1 X92.288 Y165.156 F15000
G1 E1.5 F1800
G1 X91.288 Y165.156 E.03023
G1 E-1.5
G1 X88.288 Y167.156 F15000
G1 E1.5 F1800
G1 X88.288 Y169.156 E.03023
G1 X92.288 Y169.156 E.06046
G1 X92.288 Y167.156 E.03023
G1 X88.513 Y167.156 E.06046
G1 E-1.5
G1 X88.288 Y170.156 F15000
G1 E1.5 F1800
G1 X88.288 Y172.156 E.03023
G1 X90.288 Y172.156 E.03023
G1 X90.288 Y170.156 E.03023
G1 X92.288 Y170.156 E.03023
G1 X92.288 Y172.156 E.03023
G1 F30
G1 E-1.5 F1800
G1 X95.637 Y161.156 F15000
G1 E1.5 F1800
G1 X95.637 Y163.156 E.03023
G1 X99.637 Y163.156 E.06046
G1 X99.637 Y161.156 E.03023
G1 X95.862 Y161.156 E.06046
G1 E-1.5
G1 X99.637 Y165.156 F15000
G1 E1.5 F1800
G1 X98.637 Y165.156 E.03023
G1 E-1.5
G1 X95.637 Y167.156 F15000
G1 E1.5 F1800
G1 X95.637 Y169.156 E.03023
G1 X99.637 Y169.156 E.06046
G1 X99.637 Y167.156 E.03023
M73 P56 R7
G1 X95.862 Y167.156 E.06046
G1 E-1.5
G1 X95.637 Y170.156 F15000
G1 E1.5 F1800
G1 X95.637 Y172.156 E.03023
G1 X99.637 Y172.156 E.06046
G1 X99.637 Y170.156 E.03023
G1 E-1.5
G1 X97.637 Y172.381 F15000
G1 E1.5 F1800
G1 X97.637 Y170.156 E.03023
G1 F30
G1 E-1.5 F1800
G1 X102.985 Y161.156 F15000
G1 E1.5 F1800
G1 X102.985 Y163.156 E.03023
G1 X106.985 Y163.156 E.06046
G1 X106.985 Y161.156 E.03023
G1 X103.21 Y161.156 E.06046
G1 E-1.5
G1 X106.985 Y165.156 F15000
G1 E1.5 F1800
G1 X105.985 Y165.156 E.03023
G1 E-1.5
G1 X102.985 Y167.156 F15000
G1 E1.5 F1800
G1 X102.985 Y169.156 E.03023
G1 X106.985 Y169.156 E.06046
G1 X106.985 Y167.156 E.03023
G1 X103.21 Y167.156 E.06046
G1 E-1.5
G1 X102.985 Y170.156 F15000
G1 E1.5 F1800
G1 X104.985 Y170.156 E.03023
G1 X104.985 Y172.156 E.03023
G1 E-1.5
G1 X102.985 Y172.156 F15000
G1 E1.5 F1800
G1 X106.985 Y172.156 E.06046
G1 F30
G1 E-1.5 F1800
G1 X110.334 Y161.156 F15000
G1 E1.5 F1800
G1 X110.334 Y163.156 E.03023
G1 X114.334 Y163.156 E.06046
G1 X114.334 Y161.156 E.03023
G1 X110.559 Y161.156 E.06046
G1 E-1.5
G1 X114.334 Y165.156 F15000
G1 E1.5 F1800
G1 X113.334 Y165.156 E.03023
G1 E-1.5
G1 X110.334 Y167.156 F15000
G1 E1.5 F1800
G1 X110.334 Y169.156 E.03023
G1 X114.334 Y169.156 E.06046
G1 X114.334 Y167.156 E.03023
G1 X110.559 Y167.156 E.06046
G1 E-1.5
G1 X110.334 Y172.156 F15000
G1 E1.5 F1800
G1 X110.334 Y170.156 E.03023
G1 X112.334 Y170.156 E.03023
G1 X112.334 Y172.156 E.03023
G1 X114.334 Y172.156 E.03023
G1 X114.334 Y170.156 E.03023
G1 F30
G1 E-1.5 F1800
G1 X117.682 Y161.156 F15000
G1 E1.5 F1800
G1 X117.682 Y163.156 E.03023
G1 X121.682 Y163.156 E.06046
G1 X121.682 Y161.156 E.03023
G1 X117.907 Y161.156 E.06046
G1 E-1.5
G1 X121.682 Y165.156 F15000
G1 E1.5 F1800
G1 X120.682 Y165.156 E.03023
G1 E-1.5
G1 X117.682 Y167.156 F15000
G1 E1.5 F1800
G1 X117.682 Y169.156 E.03023
G1 X121.682 Y169.156 E.06046
G1 X121.682 Y167.156 E.03023
G1 X117.907 Y167.156 E.06046
G1 E-1.5
G1 X117.682 Y172.156 F15000
G1 E1.5 F1800
G1 X117.682 Y170.156 E.03023
G1 X121.682 Y170.156 E.06046
G1 X121.682 Y172.156 E.03023
G1 X119.682 Y172.156 E.03023
G1 X119.682 Y170.156 E.03023
G1 F30
G1 E-1.5 F1800
G1 X125.031 Y161.156 F15000
G1 E1.5 F1800
G1 X125.031 Y163.156 E.03023
G1 X129.031 Y163.156 E.06046
G1 X129.031 Y161.156 E.03023
G1 X125.256 Y161.156 E.06046
G1 E-1.5
G1 X129.031 Y165.156 F15000
G1 E1.5 F1800
G1 X128.031 Y165.156 E.03023
G1 E-1.5
G1 X125.031 Y167.156 F15000
G1 E1.5 F1800
G1 X125.031 Y169.156 E.03023
G1 X129.031 Y169.156 E.06046
G1 X129.031 Y167.156 E.03023
M73 P57 R7
G1 X125.256 Y167.156 E.06046
G1 E-1.5
G1 X125.031 Y170.156 F15000
G1 E1.5 F1800
G1 X125.031 Y172.156 E.03023
G1 X129.031 Y172.156 E.06046
M73 P57 R6
G1 F30
G1 E-1.5 F1800
G1 X132.379 Y161.156 F15000
G1 E1.5 F1800
G1 X132.379 Y163.156 E.03023
G1 X136.379 Y163.156 E.06046
G1 X136.379 Y161.156 E.03023
G1 X132.604 Y161.156 E.06046
G1 E-1.5
G1 X136.379 Y165.156 F15000
G1 E1.5 F1800
G1 X135.379 Y165.156 E.03023
G1 E-1.5
G1 X132.379 Y167.156 F15000
G1 E1.5 F1800
G1 X132.379 Y169.156 E.03023
G1 X136.379 Y169.156 E.06046
G1 X136.379 Y167.156 E.03023
G1 X132.604 Y167.156 E.06046
G1 E-1.5
G1 X134.379 Y172.156 F15000
G1 E1.5 F1800
G1 X134.379 Y170.156 E.03023
G1 X136.379 Y170.156 E.03023
G1 X136.379 Y172.156 E.03023
G1 X132.379 Y172.156 E.06046
G1 X132.379 Y170.156 E.03023
G1 X134.379 Y170.156 E.03023
G1 F30
G1 E-1.5 F1800
G1 X143.402 Y161.156 F15000
G1 E1.5 F1800
G1 X145.402 Y161.156 E.03023
G1 X145.402 Y163.156 E.03023
G1 E-1.5
G1 X143.402 Y163.156 F15000
G1 E1.5 F1800
G1 X147.402 Y163.156 E.06046
G1 E-1.5
G1 X147.402 Y165.156 F15000
G1 E1.5 F1800
G1 X146.402 Y165.156 E.03023
G1 E-1.5
G1 X143.402 Y169.156 F15000
G1 E1.5 F1800
G1 X143.402 Y167.156 E.03023
G1 X145.402 Y167.156 E.03023
G1 X145.402 Y169.156 E.03023
G1 X147.402 Y169.156 E.03023
G1 X147.402 Y167.156 E.03023
G1 E-1.5
G1 X143.402 Y170.156 F15000
G1 E1.5 F1800
G1 X145.402 Y170.156 E.03023
G1 X145.402 Y172.156 E.03023
G1 E-1.5
G1 X143.402 Y172.156 F15000
G1 E1.5 F1800
G1 X147.402 Y172.156 E.06046
G1 F30
G1 E-1.5 F1800
G1 X150.75 Y161.156 F15000
G1 E1.5 F1800
G1 X150.75 Y163.156 E.03023
G1 X154.75 Y163.156 E.06046
G1 X154.75 Y161.156 E.03023
G1 E-1.5
G1 X152.75 Y163.381 F15000
G1 E1.5 F1800
G1 X152.75 Y161.156 E.03023
G1 E-1.5
G1 X150.75 Y164.156 F15000
G1 E1.5 F1800
G1 X150.75 Y166.156 E.03023
G1 X154.75 Y166.156 E.06046
G1 X154.75 Y164.156 E.03023
G1 X150.975 Y164.156 E.06046
G1 E-1.5
G1 X150.75 Y167.156 F15000
G1 E1.5 F1800
G1 X150.75 Y169.156 E.03023
G1 X154.75 Y169.156 E.06046
G1 X154.75 Y167.156 E.03023
G1 X150.975 Y167.156 E.06046
G1 E-1.5
G1 X150.75 Y170.156 F15000
G1 E1.5 F1800
G1 X150.75 Y172.156 E.03023
G1 X154.75 Y172.156 E.06046
G1 X154.75 Y170.156 E.03023
G1 X150.975 Y170.156 E.06046
M204 P2999
G1 E-1.5
G1 Z.58 F15000
G1 X72.261 Y117.28
G1 Z.18
G1 E1.5 F1800
G1 F7440
G1 X72.261 Y159.706 E.64131
M204 P3000
G1 E-1.5 F1800
G1 Z.58 F15000
G1 X74.898 Y117.28
M73 P58 R6
G1 Z.18
G1 E1.5 F1800
M900 K0; Override pressure advance value
G1 F7500
G1 X96.111 Y138.493 E.45348

G1 X74.898 Y159.706 E.45348
G1 E-1.5 F1800
G1 Z.58 F15000
G1 X75.51 Y117.28
G1 Z.18
G1 E1.5 F1800
G1 F7500
G1 X96.723 Y138.493 E.45348

G1 X75.51 Y159.706 E.45348
G1 E-1.5 F1800
G1 Z.58 F15000
G1 X76.122 Y117.28
G1 Z.18
G1 E1.5 F1800
G1 F7500
G1 X97.336 Y138.493 E.45348

G1 X76.122 Y159.706 E.45348
G1 E-1.5 F1800
G1 Z.58 F15000
G1 X78.572 Y117.28
G1 Z.18
G1 E1.5 F1800
M900 K0.005; Override pressure advance value
G1 F7500
G1 X99.786 Y138.493 E.45348

G1 X78.572 Y159.706 E.45348
G1 E-1.5 F1800
G1 Z.58 F15000
G1 X79.184 Y117.28
G1 Z.18
G1 E1.5 F1800
G1 F7500
G1 X100.398 Y138.493 E.45348

G1 X79.184 Y159.706 E.45348
G1 E-1.5 F1800
G1 Z.58 F15000
G1 X79.797 Y117.28
G1 Z.18
G1 E1.5 F1800
G1 F7500
G1 X101.01 Y138.493 E.45348

G1 X79.797 Y159.706 E.45348
G1 E-1.5 F1800
G1 Z.58 F15000
G1 X82.247 Y117.28
G1 Z.18
G1 E1.5 F1800
M900 K0.01; Override pressure advance value
G1 F7500
G1 X103.46 Y138.493 E.45348

G1 X82.247 Y159.706 E.45348
G1 E-1.5 F1800
G1 Z.58 F15000
G1 X82.859 Y117.28
G1 Z.18
G1 E1.5 F1800
G1 F7500
G1 X104.072 Y138.493 E.45348

G1 X82.859 Y159.706 E.45348
G1 E-1.5 F1800
G1 Z.58 F15000
G1 X83.471 Y117.28
G1 Z.18
G1 E1.5 F1800
G1 F7500
G1 X104.684 Y138.493 E.45348

G1 X83.471 Y159.706 E.45348
M73 P59 R6
G1 E-1.5 F1800
G1 Z.58 F15000
G1 X85.921 Y117.28
G1 Z.18
G1 E1.5 F1800
M900 K0.015; Override pressure advance value
G1 F7500
G1 X107.134 Y138.493 E.45348

G1 X85.921 Y159.706 E.45348
G1 E-1.5 F1800
G1 Z.58 F15000
G1 X86.533 Y117.28
G1 Z.18
G1 E1.5 F1800
G1 F7500
G1 X107.746 Y138.493 E.45348

G1 X86.533 Y159.706 E.45348
G1 E-1.5 F1800
G1 Z.58 F15000
G1 X87.145 Y117.28
G1 Z.18
G1 E1.5 F1800
G1 F7500
G1 X108.358 Y138.493 E.45348

G1 X87.145 Y159.706 E.45348
G1 E-1.5 F1800
G1 Z.58 F15000
G1 X89.595 Y117.28
G1 Z.18
G1 E1.5 F1800
M900 K0.02; Override pressure advance value
G1 F7500
G1 X110.808 Y138.493 E.45348

G1 X89.595 Y159.706 E.45348
G1 E-1.5 F1800
G1 Z.58 F15000
G1 X90.207 Y117.28
G1 Z.18
G1 E1.5 F1800
G1 F7500
G1 X111.42 Y138.493 E.45348

G1 X90.207 Y159.706 E.45348
G1 E-1.5 F1800
G1 Z.58 F15000
G1 X90.819 Y117.28
G1 Z.18
G1 E1.5 F1800
G1 F7500
G1 X112.033 Y138.493 E.45348

G1 X90.819 Y159.706 E.45348
G1 E-1.5 F1800
G1 Z.58 F15000
G1 X93.269 Y117.28
G1 Z.18
G1 E1.5 F1800
M900 K0.025; Override pressure advance value
G1 F7500
G1 X114.483 Y138.493 E.45348

G1 X93.269 Y159.706 E.45348
G1 E-1.5 F1800
G1 Z.58 F15000
G1 X93.881 Y117.28
G1 Z.18
G1 E1.5 F1800
G1 F7500
G1 X115.095 Y138.493 E.45348

G1 X93.881 Y159.706 E.45348
G1 E-1.5 F1800
G1 Z.58 F15000
G1 X94.494 Y117.28
G1 Z.18
M73 P60 R6
G1 E1.5 F1800
G1 F7500
G1 X115.707 Y138.493 E.45348

G1 X94.494 Y159.706 E.45348
G1 E-1.5 F1800
G1 Z.58 F15000
G1 X96.944 Y117.28
G1 Z.18
G1 E1.5 F1800
M900 K0.03; Override pressure advance value
G1 F7500
G1 X118.157 Y138.493 E.45348

G1 X96.944 Y159.706 E.45348
G1 E-1.5 F1800
G1 Z.58 F15000
G1 X97.556 Y117.28
G1 Z.18
G1 E1.5 F1800
G1 F7500
G1 X118.769 Y138.493 E.45348

G1 X97.556 Y159.706 E.45348
G1 E-1.5 F1800
G1 Z.58 F15000
G1 X98.168 Y117.28
G1 Z.18
G1 E1.5 F1800
G1 F7500
G1 X119.381 Y138.493 E.45348

G1 X98.168 Y159.706 E.45348
G1 E-1.5 F1800
G1 Z.58 F15000
G1 X100.618 Y117.28
G1 Z.18
G1 E1.5 F1800
M900 K0.035; Override pressure advance value
G1 F7500
G1 X121.831 Y138.493 E.45348

G1 X100.618 Y159.706 E.45348
G1 E-1.5 F1800
G1 Z.58 F15000
G1 X101.23 Y117.28
G1 Z.18
G1 E1.5 F1800
G1 F7500
G1 X122.443 Y138.493 E.45348

G1 X101.23 Y159.706 E.45348
G1 E-1.5 F1800
G1 Z.58 F15000
G1 X101.842 Y117.28
G1 Z.18
G1 E1.5 F1800
G1 F7500
G1 X123.055 Y138.493 E.45348

G1 X101.842 Y159.706 E.45348
G1 E-1.5 F1800
G1 Z.58 F15000
G1 X104.292 Y117.28
G1 Z.18
G1 E1.5 F1800
M900 K0.04; Override pressure advance value
G1 F7500
G1 X125.505 Y138.493 E.45348

G1 X104.292 Y159.706 E.45348
G1 E-1.5 F1800
G1 Z.58 F15000
G1 X104.904 Y117.28
G1 Z.18
G1 E1.5 F1800
G1 F7500
G1 X126.117 Y138.493 E.45348

G1 X104.904 Y159.706 E.45348
G1 E-1.5 F1800
G1 Z.58 F15000
G1 X105.516 Y117.28
M73 P61 R6
G1 Z.18
G1 E1.5 F1800
G1 F7500
G1 X126.729 Y138.493 E.45348

G1 X105.516 Y159.706 E.45348
G1 E-1.5 F1800
G1 Z.58 F15000
G1 X107.966 Y117.28
G1 Z.18
G1 E1.5 F1800
M900 K0.045; Override pressure advance value
G1 F7500
G1 X129.179 Y138.493 E.45348

G1 X107.966 Y159.706 E.45348
G1 E-1.5 F1800
G1 Z.58 F15000
G1 X108.578 Y117.28
G1 Z.18
G1 E1.5 F1800
G1 F7500
G1 X129.792 Y138.493 E.45348

G1 X108.578 Y159.706 E.45348
G1 E-1.5 F1800
G1 Z.58 F15000
G1 X109.19 Y117.28
G1 Z.18
G1 E1.5 F1800
G1 F7500
G1 X130.404 Y138.493 E.45348

G1 X109.19 Y159.706 E.45348
G1 E-1.5 F1800
G1 Z.58 F15000
G1 X111.64 Y117.28
G1 Z.18
G1 E1.5 F1800
M900 K0.05; Override pressure advance value
G1 F7500
G1 X132.854 Y138.493 E.45348

G1 X111.64 Y159.706 E.45348
G1 E-1.5 F1800
G1 Z.58 F15000
G1 X112.253 Y117.28
G1 Z.18
G1 E1.5 F1800
G1 F7500
G1 X133.466 Y138.493 E.45348

G1 X112.253 Y159.706 E.45348
G1 E-1.5 F1800
G1 Z.58 F15000
G1 X112.865 Y117.28
G1 Z.18
G1 E1.5 F1800
G1 F7500
G1 X134.078 Y138.493 E.45348

G1 X112.865 Y159.706 E.45348
G1 E-1.5 F1800
G1 Z.58 F15000
G1 X115.315 Y117.28
G1 Z.18
G1 E1.5 F1800
M900 K0.055; Override pressure advance value
G1 F7500
G1 X136.528 Y138.493 E.45348

G1 X115.315 Y159.706 E.45348
G1 E-1.5 F1800
G1 Z.58 F15000
G1 X115.927 Y117.28
G1 Z.18
G1 E1.5 F1800
G1 F7500
G1 X137.14 Y138.493 E.45348

G1 X115.927 Y159.706 E.45348
M73 P62 R6
G1 E-1.5 F1800
G1 Z.58 F15000
G1 X116.539 Y117.28
G1 Z.18
G1 E1.5 F1800
G1 F7500
G1 X137.752 Y138.493 E.45348

G1 X116.539 Y159.706 E.45348
G1 E-1.5 F1800
G1 Z.58 F15000
G1 X118.989 Y117.28
G1 Z.18
G1 E1.5 F1800
M900 K0.06; Override pressure advance value
G1 F7500
G1 X140.202 Y138.493 E.45348

G1 X118.989 Y159.706 E.45348
G1 E-1.5 F1800
G1 Z.58 F15000
G1 X119.601 Y117.28
G1 Z.18
G1 E1.5 F1800
G1 F7500
G1 X140.814 Y138.493 E.45348

G1 X119.601 Y159.706 E.45348
G1 E-1.5 F1800
G1 Z.58 F15000
G1 X120.213 Y117.28
G1 Z.18
G1 E1.5 F1800
G1 F7500
G1 X141.426 Y138.493 E.45348

G1 X120.213 Y159.706 E.45348
G1 E-1.5 F1800
G1 Z.58 F15000
G1 X122.663 Y117.28
G1 Z.18
G1 E1.5 F1800
M900 K0.065; Override pressure advance value
G1 F7500
G1 X143.876 Y138.493 E.45348

G1 X122.663 Y159.706 E.45348
G1 E-1.5 F1800
G1 Z.58 F15000
G1 X123.275 Y117.28
G1 Z.18
G1 E1.5 F1800
G1 F7500
G1 X144.488 Y138.493 E.45348

G1 X123.275 Y159.706 E.45348
G1 E-1.5 F1800
G1 Z.58 F15000
G1 X123.887 Y117.28
G1 Z.18
G1 E1.5 F1800
G1 F7500
G1 X145.101 Y138.493 E.45348

G1 X123.887 Y159.706 E.45348
G1 E-1.5 F1800
G1 Z.58 F15000
G1 X126.337 Y117.28
G1 Z.18
G1 E1.5 F1800
M900 K0.07; Override pressure advance value
G1 F7500
G1 X147.551 Y138.493 E.45348

G1 X126.337 Y159.706 E.45348
G1 E-1.5 F1800
G1 Z.58 F15000
G1 X126.95 Y117.28
G1 Z.18
M73 P63 R6
G1 E1.5 F1800
G1 F7500
G1 X148.163 Y138.493 E.45348

G1 X126.95 Y159.706 E.45348
G1 E-1.5 F1800
G1 Z.58 F15000
G1 X127.562 Y117.28
G1 Z.18
G1 E1.5 F1800
G1 F7500
G1 X148.775 Y138.493 E.45348

G1 X127.562 Y159.706 E.45348
G1 E-1.5 F1800
M73 P63 R5
G1 Z.58 F15000
G1 X130.012 Y117.28
G1 Z.18
G1 E1.5 F1800
M900 K0.075; Override pressure advance value
G1 F7500
G1 X151.225 Y138.493 E.45348

G1 X130.012 Y159.706 E.45348
G1 E-1.5 F1800
G1 Z.58 F15000
G1 X130.624 Y117.28
G1 Z.18
G1 E1.5 F1800
G1 F7500
G1 X151.837 Y138.493 E.45348

G1 X130.624 Y159.706 E.45348
G1 E-1.5 F1800
G1 Z.58 F15000
G1 X131.236 Y117.28
G1 Z.18
G1 E1.5 F1800
G1 F7500
G1 X152.449 Y138.493 E.45348

G1 X131.236 Y159.706 E.45348
G1 E-1.5 F1800
G1 Z.58 F15000
G1 X133.686 Y117.28
G1 Z.18
G1 E1.5 F1800
M900 K0.08; Override pressure advance value
G1 F7500
G1 X154.899 Y138.493 E.45348

G1 X133.686 Y159.706 E.45348
G1 E-1.5 F1800
G1 Z.58 F15000
G1 X134.298 Y117.28
G1 Z.18
G1 E1.5 F1800
G1 F7500
G1 X155.511 Y138.493 E.45348

G1 X134.298 Y159.706 E.45348
G1 E-1.5 F1800
G1 Z.58 F15000
G1 X134.91 Y117.28
G1 Z.18
G1 E1.5 F1800
G1 F7500
G1 X156.123 Y138.493 E.45348

G1 X134.91 Y159.706 E.45348
G1 E-1.5 F1800
G1 Z.58 F15000
G1 X74.898 Y117.28
G1 Z.18
G1 E1.5 F1800
; end pressure advance pattern for layer
; start pressure advance pattern for layer
G1 Z.18 F15000
M900 K0; Override pressure advance value
G1 F30
G1 E-1.5 F1800
G1 X73.591 Y101.17 F15000
G1 E1.5 F1800
G1 X73.591 Y103.17 E.03023
G1 X77.591 Y103.17 E.06046
M73 P64 R5
G1 X77.591 Y101.17 E.03023
G1 X73.816 Y101.17 E.06046
G1 F30
G1 E-1.5 F1800
G1 X80.94 Y101.17 F15000
G1 E1.5 F1800
G1 X80.94 Y103.17 E.03023
G1 X84.94 Y103.17 E.06046
G1 X84.94 Y101.17 E.03023
G1 X81.165 Y101.17 E.06046
G1 E-1.5
G1 X84.94 Y105.17 F15000
G1 E1.5 F1800
G1 X83.94 Y105.17 E.03023
G1 E-1.5
G1 X80.94 Y107.17 F15000
G1 E1.5 F1800
G1 X80.94 Y109.17 E.03023
G1 X84.94 Y109.17 E.06046
G1 X84.94 Y107.17 E.03023
G1 X81.165 Y107.17 E.06046
G1 E-1.5
G1 X80.94 Y111.17 F15000
G1 E1.5 F1800
G1 X84.94 Y111.17 E.06046
G1 F30
G1 E-1.5 F1800
G1 X88.288 Y101.17 F15000
G1 E1.5 F1800
G1 X88.288 Y103.17 E.03023
G1 X92.288 Y103.17 E.06046
G1 X92.288 Y101.17 E.03023
G1 X88.513 Y101.17 E.06046
G1 E-1.5
G1 X92.288 Y105.17 F15000
G1 E1.5 F1800
G1 X91.288 Y105.17 E.03023
G1 E-1.5
G1 X88.288 Y107.17 F15000
G1 E1.5 F1800
G1 X88.288 Y109.17 E.03023
G1 X92.288 Y109.17 E.06046
G1 X92.288 Y107.17 E.03023
G1 X88.513 Y107.17 E.06046
G1 E-1.5
G1 X88.288 Y110.17 F15000
G1 E1.5 F1800
G1 X88.288 Y112.17 E.03023
G1 X90.288 Y112.17 E.03023
G1 X90.288 Y110.17 E.03023
G1 X92.288 Y110.17 E.03023
G1 X92.288 Y112.17 E.03023
G1 F30
G1 E-1.5 F1800
G1 X95.637 Y101.17 F15000
G1 E1.5 F1800
G1 X95.637 Y103.17 E.03023
G1 X99.637 Y103.17 E.06046
G1 X99.637 Y101.17 E.03023
G1 X95.862 Y101.17 E.06046
G1 E-1.5
G1 X99.637 Y105.17 F15000
G1 E1.5 F1800
G1 X98.637 Y105.17 E.03023
G1 E-1.5
G1 X95.637 Y107.17 F15000
G1 E1.5 F1800
G1 X95.637 Y109.17 E.03023
G1 X99.637 Y109.17 E.06046
G1 X99.637 Y107.17 E.03023
G1 X95.862 Y107.17 E.06046
G1 E-1.5
G1 X95.637 Y110.17 F15000
G1 E1.5 F1800
G1 X95.637 Y112.17 E.03023
G1 X99.637 Y112.17 E.06046
G1 X99.637 Y110.17 E.03023
G1 E-1.5
G1 X97.637 Y112.395 F15000
G1 E1.5 F1800
G1 X97.637 Y110.17 E.03023
G1 F30
G1 E-1.5 F1800
G1 X102.985 Y101.17 F15000
G1 E1.5 F1800
G1 X102.985 Y103.17 E.03023
G1 X106.985 Y103.17 E.06046
G1 X106.985 Y101.17 E.03023
G1 X103.21 Y101.17 E.06046
G1 E-1.5
G1 X106.985 Y105.17 F15000
G1 E1.5 F1800
G1 X105.985 Y105.17 E.03023
G1 E-1.5
G1 X102.985 Y107.17 F15000
G1 E1.5 F1800
G1 X102.985 Y109.17 E.03023
G1 X106.985 Y109.17 E.06046
G1 X106.985 Y107.17 E.03023
G1 X103.21 Y107.17 E.06046
G1 E-1.5
G1 X102.985 Y110.17 F15000
G1 E1.5 F1800
G1 X104.985 Y110.17 E.03023
G1 X104.985 Y112.17 E.03023
G1 E-1.5
G1 X102.985 Y112.17 F15000
G1 E1.5 F1800
G1 X106.985 Y112.17 E.06046
G1 F30
G1 E-1.5 F1800
G1 X110.334 Y101.17 F15000
G1 E1.5 F1800
M73 P65 R5
G1 X110.334 Y103.17 E.03023
G1 X114.334 Y103.17 E.06046
G1 X114.334 Y101.17 E.03023
G1 X110.559 Y101.17 E.06046
G1 E-1.5
G1 X114.334 Y105.17 F15000
G1 E1.5 F1800
G1 X113.334 Y105.17 E.03023
G1 E-1.5
G1 X110.334 Y107.17 F15000
G1 E1.5 F1800
G1 X110.334 Y109.17 E.03023
G1 X114.334 Y109.17 E.06046
G1 X114.334 Y107.17 E.03023
G1 X110.559 Y107.17 E.06046
G1 E-1.5
G1 X110.334 Y112.17 F15000
G1 E1.5 F1800
G1 X110.334 Y110.17 E.03023
G1 X112.334 Y110.17 E.03023
G1 X112.334 Y112.17 E.03023
G1 X114.334 Y112.17 E.03023
G1 X114.334 Y110.17 E.03023
G1 F30
G1 E-1.5 F1800
G1 X117.682 Y101.17 F15000
G1 E1.5 F1800
G1 X117.682 Y103.17 E.03023
G1 X121.682 Y103.17 E.06046
G1 X121.682 Y101.17 E.03023
G1 X117.907 Y101.17 E.06046
G1 E-1.5
G1 X121.682 Y105.17 F15000
G1 E1.5 F1800
G1 X120.682 Y105.17 E.03023
G1 E-1.5
G1 X117.682 Y107.17 F15000
G1 E1.5 F1800
G1 X117.682 Y109.17 E.03023
G1 X121.682 Y109.17 E.06046
G1 X121.682 Y107.17 E.03023
G1 X117.907 Y107.17 E.06046
G1 E-1.5
G1 X117.682 Y112.17 F15000
G1 E1.5 F1800
G1 X117.682 Y110.17 E.03023
G1 X121.682 Y110.17 E.06046
G1 X121.682 Y112.17 E.03023
G1 X119.682 Y112.17 E.03023
G1 X119.682 Y110.17 E.03023
G1 F30
G1 E-1.5 F1800
G1 X125.031 Y101.17 F15000
G1 E1.5 F1800
G1 X125.031 Y103.17 E.03023
G1 X129.031 Y103.17 E.06046
G1 X129.031 Y101.17 E.03023
G1 X125.256 Y101.17 E.06046
G1 E-1.5
G1 X129.031 Y105.17 F15000
G1 E1.5 F1800
G1 X128.031 Y105.17 E.03023
G1 E-1.5
G1 X125.031 Y107.17 F15000
G1 E1.5 F1800
G1 X125.031 Y109.17 E.03023
G1 X129.031 Y109.17 E.06046
G1 X129.031 Y107.17 E.03023
G1 X125.256 Y107.17 E.06046
G1 E-1.5
G1 X125.031 Y110.17 F15000
G1 E1.5 F1800
G1 X125.031 Y112.17 E.03023
G1 X129.031 Y112.17 E.06046
G1 F30
G1 E-1.5 F1800
G1 X132.379 Y101.17 F15000
G1 E1.5 F1800
G1 X132.379 Y103.17 E.03023
G1 X136.379 Y103.17 E.06046
G1 X136.379 Y101.17 E.03023
G1 X132.604 Y101.17 E.06046
G1 E-1.5
G1 X136.379 Y105.17 F15000
G1 E1.5 F1800
G1 X135.379 Y105.17 E.03023
G1 E-1.5
G1 X132.379 Y107.17 F15000
G1 E1.5 F1800
G1 X132.379 Y109.17 E.03023
G1 X136.379 Y109.17 E.06046
G1 X136.379 Y107.17 E.03023
G1 X132.604 Y107.17 E.06046
G1 E-1.5
G1 X134.379 Y112.17 F15000
G1 E1.5 F1800
G1 X134.379 Y110.17 E.03023
G1 X136.379 Y110.17 E.03023
G1 X136.379 Y112.17 E.03023
G1 X132.379 Y112.17 E.06046
G1 X132.379 Y110.17 E.03023
G1 X134.379 Y110.17 E.03023
G1 F30
G1 E-1.5 F1800
G1 X147.402 Y103.17 F15000
G1 E1.5 F1800
G1 X143.402 Y103.17 E.06046
G1 X143.402 Y101.17 E.03023
G1 X145.402 Y101.17 E.03023
M73 P66 R5
G1 X145.402 Y103.17 E.03023
G1 E-1.5
G1 X147.402 Y105.17 F15000
G1 E1.5 F1800
G1 X146.402 Y105.17 E.03023
G1 E-1.5
G1 X143.402 Y107.17 F15000
G1 E1.5 F1800
G1 X143.402 Y109.17 E.03023
G1 X147.402 Y109.17 E.06046
G1 X147.402 Y107.17 E.03023
G1 X143.627 Y107.17 E.06046
G1 E-1.5
G1 X147.402 Y112.17 F15000
G1 E1.5 F1800
G1 X143.402 Y112.17 E.06046
G1 X143.402 Y110.17 E.03023
G1 X145.402 Y110.17 E.03023
G1 X145.402 Y112.17 E.03023
G1 F30
G1 E-1.5 F1800
G1 X150.75 Y101.17 F15000
G1 E1.5 F1800
G1 X150.75 Y103.17 E.03023
G1 X154.75 Y103.17 E.06046
G1 X154.75 Y101.17 E.03023
G1 E-1.5
G1 X152.75 Y103.395 F15000
G1 E1.5 F1800
G1 X152.75 Y101.17 E.03023
G1 E-1.5
G1 X150.75 Y104.17 F15000
G1 E1.5 F1800
G1 X150.75 Y106.17 E.03023
G1 X154.75 Y106.17 E.06046
G1 X154.75 Y104.17 E.03023
G1 X150.975 Y104.17 E.06046
G1 E-1.5
G1 X150.75 Y107.17 F15000
G1 E1.5 F1800
G1 X150.75 Y109.17 E.03023
G1 X154.75 Y109.17 E.06046
G1 X154.75 Y107.17 E.03023
G1 X150.975 Y107.17 E.06046
G1 E-1.5
G1 X150.75 Y110.17 F15000
G1 E1.5 F1800
G1 X150.75 Y112.17 E.03023
G1 X154.75 Y112.17 E.06046
G1 X154.75 Y110.17 E.03023
G1 X150.975 Y110.17 E.06046
M204 P2999
G1 E-1.5
G1 Z.58 F15000
G1 X72.261 Y57.294
G1 Z.18
G1 E1.5 F1800
G1 F14940
G1 X72.261 Y99.72 E.64131
M204 P3000
G1 E-1.5 F1800
G1 Z.58 F15000
G1 X74.898 Y57.294
G1 Z.18
G1 E1.5 F1800
M900 K0; Override pressure advance value
G1 F15000
G1 X96.111 Y78.507 E.45348

G1 X74.898 Y99.72 E.45348
G1 E-1.5 F1800
G1 Z.58 F15000
G1 X75.51 Y57.294
G1 Z.18
G1 E1.5 F1800
G1 F15000
G1 X96.723 Y78.507 E.45348

G1 X75.51 Y99.72 E.45348
G1 E-1.5 F1800
G1 Z.58 F15000
G1 X76.122 Y57.294
G1 Z.18
G1 E1.5 F1800
G1 F15000
G1 X97.336 Y78.507 E.45348

G1 X76.122 Y99.72 E.45348
G1 E-1.5 F1800
G1 Z.58 F15000
G1 X78.572 Y57.294
G1 Z.18
G1 E1.5 F1800
M900 K0.005; Override pressure advance value
G1 F15000
G1 X99.786 Y78.507 E.45348

G1 X78.572 Y99.72 E.45348
G1 E-1.5 F1800
G1 Z.58 F15000
G1 X79.184 Y57.294
M73 P67 R5
G1 Z.18
G1 E1.5 F1800
G1 F15000
G1 X100.398 Y78.507 E.45348

G1 X79.184 Y99.72 E.45348
G1 E-1.5 F1800
G1 Z.58 F15000
G1 X79.797 Y57.294
G1 Z.18
G1 E1.5 F1800
G1 F15000
G1 X101.01 Y78.507 E.45348

G1 X79.797 Y99.72 E.45348
G1 E-1.5 F1800
G1 Z.58 F15000
G1 X82.247 Y57.294
G1 Z.18
G1 E1.5 F1800
M900 K0.01; Override pressure advance value
G1 F15000
G1 X103.46 Y78.507 E.45348

G1 X82.247 Y99.72 E.45348
G1 E-1.5 F1800
G1 Z.58 F15000
G1 X82.859 Y57.294
G1 Z.18
G1 E1.5 F1800
G1 F15000
G1 X104.072 Y78.507 E.45348

G1 X82.859 Y99.72 E.45348
G1 E-1.5 F1800
G1 Z.58 F15000
G1 X83.471 Y57.294
G1 Z.18
G1 E1.5 F1800
G1 F15000
G1 X104.684 Y78.507 E.45348

G1 X83.471 Y99.72 E.45348
G1 E-1.5 F1800
G1 Z.58 F15000
G1 X85.921 Y57.294
G1 Z.18
G1 E1.5 F1800
M900 K0.015; Override pressure advance value
G1 F15000
G1 X107.134 Y78.507 E.45348

G1 X85.921 Y99.72 E.45348
G1 E-1.5 F1800
G1 Z.58 F15000
G1 X86.533 Y57.294
G1 Z.18
G1 E1.5 F1800
G1 F15000
G1 X107.746 Y78.507 E.45348

G1 X86.533 Y99.72 E.45348
G1 E-1.5 F1800
G1 Z.58 F15000
G1 X87.145 Y57.294
G1 Z.18
G1 E1.5 F1800
G1 F15000
G1 X108.358 Y78.507 E.45348

G1 X87.145 Y99.72 E.45348
G1 E-1.5 F1800
G1 Z.58 F15000
G1 X89.595 Y57.294
G1 Z.18
G1 E1.5 F1800
M900 K0.02; Override pressure advance value
G1 F15000
G1 X110.808 Y78.507 E.45348

G1 X89.595 Y99.72 E.45348
G1 E-1.5 F1800
G1 Z.58 F15000
G1 X90.207 Y57.294
G1 Z.18
G1 E1.5 F1800
G1 F15000
G1 X111.42 Y78.507 E.45348

G1 X90.207 Y99.72 E.45348
G1 E-1.5 F1800
G1 Z.58 F15000
G1 X90.819 Y57.294
M73 P68 R5
G1 Z.18
G1 E1.5 F1800
G1 F15000
G1 X112.033 Y78.507 E.45348

G1 X90.819 Y99.72 E.45348
G1 E-1.5 F1800
G1 Z.58 F15000
G1 X93.269 Y57.294
G1 Z.18
G1 E1.5 F1800
M900 K0.025; Override pressure advance value
G1 F15000
G1 X114.483 Y78.507 E.45348

G1 X93.269 Y99.72 E.45348
G1 E-1.5 F1800
G1 Z.58 F15000
G1 X93.881 Y57.294
G1 Z.18
G1 E1.5 F1800
G1 F15000
G1 X115.095 Y78.507 E.45348

G1 X93.881 Y99.72 E.45348
G1 E-1.5 F1800
G1 Z.58 F15000
G1 X94.494 Y57.294
G1 Z.18
G1 E1.5 F1800
G1 F15000
G1 X115.707 Y78.507 E.45348

G1 X94.494 Y99.72 E.45348
G1 E-1.5 F1800
G1 Z.58 F15000
G1 X96.944 Y57.294
G1 Z.18
G1 E1.5 F1800
M900 K0.03; Override pressure advance value
G1 F15000
G1 X118.157 Y78.507 E.45348

G1 X96.944 Y99.72 E.45348
G1 E-1.5 F1800
G1 Z.58 F15000
G1 X97.556 Y57.294
G1 Z.18
G1 E1.5 F1800
G1 F15000
G1 X118.769 Y78.507 E.45348

G1 X97.556 Y99.72 E.45348
G1 E-1.5 F1800
G1 Z.58 F15000
G1 X98.168 Y57.294
G1 Z.18
G1 E1.5 F1800
G1 F15000
G1 X119.381 Y78.507 E.45348

G1 X98.168 Y99.72 E.45348
G1 E-1.5 F1800
G1 Z.58 F15000
G1 X100.618 Y57.294
G1 Z.18
G1 E1.5 F1800
M900 K0.035; Override pressure advance value
G1 F15000
G1 X121.831 Y78.507 E.45348

G1 X100.618 Y99.72 E.45348
G1 E-1.5 F1800
G1 Z.58 F15000
G1 X101.23 Y57.294
G1 Z.18
G1 E1.5 F1800
G1 F15000
G1 X122.443 Y78.507 E.45348

G1 X101.23 Y99.72 E.45348
G1 E-1.5 F1800
G1 Z.58 F15000
G1 X101.842 Y57.294
G1 Z.18
G1 E1.5 F1800
G1 F15000
G1 X123.055 Y78.507 E.45348

G1 X101.842 Y99.72 E.45348
G1 E-1.5 F1800
G1 Z.58 F15000
G1 X104.292 Y57.294
M73 P69 R5
G1 Z.18
G1 E1.5 F1800
M900 K0.04; Override pressure advance value
G1 F15000
G1 X125.505 Y78.507 E.45348

G1 X104.292 Y99.72 E.45348
G1 E-1.5 F1800
G1 Z.58 F15000
G1 X104.904 Y57.294
G1 Z.18
G1 E1.5 F1800
G1 F15000
G1 X126.117 Y78.507 E.45348

G1 X104.904 Y99.72 E.45348
G1 E-1.5 F1800
G1 Z.58 F15000
G1 X105.516 Y57.294
G1 Z.18
G1 E1.5 F1800
G1 F15000
G1 X126.729 Y78.507 E.45348

G1 X105.516 Y99.72 E.45348
G1 E-1.5 F1800
G1 Z.58 F15000
G1 X107.966 Y57.294
G1 Z.18
M73 P69 R4
G1 E1.5 F1800
M900 K0.045; Override pressure advance value
G1 F15000
G1 X129.179 Y78.507 E.45348

G1 X107.966 Y99.72 E.45348
G1 E-1.5 F1800
G1 Z.58 F15000
G1 X108.578 Y57.294
G1 Z.18
G1 E1.5 F1800
G1 F15000
G1 X129.792 Y78.507 E.45348

G1 X108.578 Y99.72 E.45348
G1 E-1.5 F1800
G1 Z.58 F15000
G1 X109.19 Y57.294
G1 Z.18
G1 E1.5 F1800
G1 F15000
G1 X130.404 Y78.507 E.45348

G1 X109.19 Y99.72 E.45348
G1 E-1.5 F1800
G1 Z.58 F15000
G1 X111.64 Y57.294
G1 Z.18
G1 E1.5 F1800
M900 K0.05; Override pressure advance value
G1 F15000
G1 X132.854 Y78.507 E.45348

G1 X111.64 Y99.72 E.45348
G1 E-1.5 F1800
G1 Z.58 F15000
G1 X112.253 Y57.294
G1 Z.18
G1 E1.5 F1800
G1 F15000
G1 X133.466 Y78.507 E.45348

G1 X112.253 Y99.72 E.45348
G1 E-1.5 F1800
G1 Z.58 F15000
G1 X112.865 Y57.294
G1 Z.18
G1 E1.5 F1800
G1 F15000
G1 X134.078 Y78.507 E.45348

G1 X112.865 Y99.72 E.45348
G1 E-1.5 F1800
G1 Z.58 F15000
G1 X115.315 Y57.294
G1 Z.18
G1 E1.5 F1800
M900 K0.055; Override pressure advance value
G1 F15000
G1 X136.528 Y78.507 E.45348

G1 X115.315 Y99.72 E.45348
G1 E-1.5 F1800
M73 P70 R4
G1 Z.58 F15000
G1 X115.927 Y57.294
G1 Z.18
G1 E1.5 F1800
G1 F15000
G1 X137.14 Y78.507 E.45348

G1 X115.927 Y99.72 E.45348
G1 E-1.5 F1800
G1 Z.58 F15000
G1 X116.539 Y57.294
G1 Z.18
G1 E1.5 F1800
G1 F15000
G1 X137.752 Y78.507 E.45348

G1 X116.539 Y99.72 E.45348
G1 E-1.5 F1800
G1 Z.58 F15000
G1 X118.989 Y57.294
G1 Z.18
G1 E1.5 F1800
M900 K0.06; Override pressure advance value
G1 F15000
G1 X140.202 Y78.507 E.45348

G1 X118.989 Y99.72 E.45348
G1 E-1.5 F1800
G1 Z.58 F15000
G1 X119.601 Y57.294
G1 Z.18
G1 E1.5 F1800
G1 F15000
G1 X140.814 Y78.507 E.45348

G1 X119.601 Y99.72 E.45348
G1 E-1.5 F1800
G1 Z.58 F15000
G1 X120.213 Y57.294
G1 Z.18
G1 E1.5 F1800
G1 F15000
G1 X141.426 Y78.507 E.45348

G1 X120.213 Y99.72 E.45348
G1 E-1.5 F1800
G1 Z.58 F15000
G1 X122.663 Y57.294
G1 Z.18
G1 E1.5 F1800
M900 K0.065; Override pressure advance value
G1 F15000
G1 X143.876 Y78.507 E.45348

G1 X122.663 Y99.72 E.45348
G1 E-1.5 F1800
G1 Z.58 F15000
G1 X123.275 Y57.294
G1 Z.18
G1 E1.5 F1800
G1 F15000
G1 X144.488 Y78.507 E.45348

G1 X123.275 Y99.72 E.45348
G1 E-1.5 F1800
G1 Z.58 F15000
G1 X123.887 Y57.294
G1 Z.18
G1 E1.5 F1800
G1 F15000
G1 X145.101 Y78.507 E.45348

G1 X123.887 Y99.72 E.45348
G1 E-1.5 F1800
G1 Z.58 F15000
G1 X126.337 Y57.294
G1 Z.18
G1 E1.5 F1800
M900 K0.07; Override pressure advance value
G1 F15000
G1 X147.551 Y78.507 E.45348

G1 X126.337 Y99.72 E.45348
G1 E-1.5 F1800
G1 Z.58 F15000
G1 X126.95 Y57.294
G1 Z.18
G1 E1.5 F1800
G1 F15000
G1 X148.163 Y78.507 E.45348

G1 X126.95 Y99.72 E.45348
G1 E-1.5 F1800
M73 P71 R4
G1 Z.58 F15000
G1 X127.562 Y57.294
G1 Z.18
G1 E1.5 F1800
G1 F15000
G1 X148.775 Y78.507 E.45348

G1 X127.562 Y99.72 E.45348
G1 E-1.5 F1800
G1 Z.58 F15000
G1 X130.012 Y57.294
G1 Z.18
G1 E1.5 F1800
M900 K0.075; Override pressure advance value
G1 F15000
G1 X151.225 Y78.507 E.45348

G1 X130.012 Y99.72 E.45348
G1 E-1.5 F1800
G1 Z.58 F15000
G1 X130.624 Y57.294
G1 Z.18
G1 E1.5 F1800
G1 F15000
G1 X151.837 Y78.507 E.45348

G1 X130.624 Y99.72 E.45348
G1 E-1.5 F1800
G1 Z.58 F15000
G1 X131.236 Y57.294
G1 Z.18
G1 E1.5 F1800
G1 F15000
G1 X152.449 Y78.507 E.45348

G1 X131.236 Y99.72 E.45348
G1 E-1.5 F1800
G1 Z.58 F15000
G1 X133.686 Y57.294
G1 Z.18
G1 E1.5 F1800
M900 K0.08; Override pressure advance value
G1 F15000
G1 X154.899 Y78.507 E.45348

G1 X133.686 Y99.72 E.45348
G1 E-1.5 F1800
G1 Z.58 F15000
G1 X134.298 Y57.294
G1 Z.18
G1 E1.5 F1800
G1 F15000
G1 X155.511 Y78.507 E.45348

G1 X134.298 Y99.72 E.45348
G1 E-1.5 F1800
G1 Z.58 F15000
G1 X134.91 Y57.294
G1 Z.18
G1 E1.5 F1800
G1 F15000
G1 X156.123 Y78.507 E.45348

G1 X134.91 Y99.72 E.45348
G1 E-1.5 F1800
G1 Z.58 F15000
G1 X74.898 Y57.294
G1 Z.18
G1 E1.5 F1800
; end pressure advance pattern for layer

G1 E-1.5
M486 S0
G1 X77.4 Y137.054 Z.18 F15000
G1 E1.5 F1800
;TYPE:Inner wall
;WIDTH:0.449999
G1 F600
G1 X77.4 Y139.933 E.04221
G1 X74.522 Y139.933 E.04221
G1 X74.522 Y137.054 E.04221
G1 X77.36 Y137.054 E.04162
G1 E-1.5 F1800
G1 X77.36 Y136.643 F15000
G1 X77.812 Y136.643
G1 X78.251 Y136.203
G1 E1.5 F1800
;TYPE:Outer wall
;WIDTH:0.419999
G1 F7500
G1 X78.251 Y140.783 E.0625
G1 X73.671 Y140.783 E.0625
G1 X73.671 Y136.203 E.0625
M73 P72 R4
G1 X78.211 Y136.203 E.06195
G1 X77.812 Y136.643 F15000
G1 X77.833 Y136.621
;TYPE:Inner wall
;WIDTH:0.449999
G1 F600
G1 X77.833 Y140.365 E.0549
G1 X74.089 Y140.365 E.0549
G1 X74.089 Y136.621 E.0549
G1 X77.793 Y136.621 E.05431
G1 X75.752 Y138.702 F15000
;TYPE:Internal solid infill
;WIDTH:0.43443
G1 F600
G1 X76.17 Y138.702 E.0059
G1 X76.17 Y138.285 E.0059
G1 X75.752 Y138.285 E.0059
G1 X75.752 Y138.662 E.00533
G1 X75.342 Y139.112 F15000
;WIDTH:0.419999
G1 F600
G1 X76.58 Y139.112 E.01689
G1 X76.58 Y137.875 E.01689
G1 X75.342 Y137.875 E.01689
G1 X75.342 Y139.072 E.01634
G1 X74.94 Y139.515 F15000
G1 F600
G1 X76.983 Y139.515 E.02788
G1 X76.983 Y137.472 E.02788
G1 X74.94 Y137.472 E.02788
G1 X74.94 Y139.475 E.02733
G1 E-1.5 F1800
M486 S-1
M486 S0
G1 X74.522 Y79.946 F15000
G1 E1.5 F1800
;TYPE:Inner wall
;WIDTH:0.449999
G1 F600
G1 X74.522 Y77.067 E.04221
G1 X77.4 Y77.067 E.04221
G1 X77.4 Y79.946 E.04221
G1 X74.562 Y79.946 E.04162
G1 E-1.5 F1800
G1 X74.562 Y80.357 F15000
G1 X74.11 Y80.357
G1 X73.671 Y80.797
G1 E1.5 F1800
;TYPE:Outer wall
;WIDTH:0.419999
G1 F15000
G1 X73.671 Y76.217 E.0625
G1 X78.251 Y76.217 E.0625
G1 X78.251 Y80.797 E.0625
G1 X73.711 Y80.797 E.06195
G1 X74.11 Y80.357
G1 X74.11 Y80.358
G1 X74.089 Y80.379
;TYPE:Inner wall
;WIDTH:0.449999
G1 F600
G1 X74.089 Y76.635 E.0549
G1 X77.833 Y76.635 E.0549
G1 X77.833 Y80.379 E.0549
G1 X74.129 Y80.379 E.05431
G1 X75.752 Y78.715 F15000
;TYPE:Internal solid infill
;WIDTH:0.43443
G1 F600
G1 X76.17 Y78.715 E.0059
G1 X76.17 Y78.298 E.0059
G1 X75.752 Y78.298 E.0059
G1 X75.752 Y78.675 E.00533
G1 X75.342 Y79.125 F15000
;WIDTH:0.419999
G1 F600
G1 X76.58 Y79.125 E.01689
G1 X76.58 Y77.888 E.01689
G1 X75.342 Y77.888 E.01689
G1 X75.342 Y79.085 E.01634
G1 X74.94 Y79.528 F15000
G1 F600
G1 X76.983 Y79.528 E.02788
G1 X76.983 Y77.485 E.02788
G1 X74.94 Y77.485 E.02788
G1 X74.94 Y79.488 E.02733
;LAYER_CHANGE
;Z:0.26
;HEIGHT:0.08
;BEFORE_LAYER_CHANGE
;0.26
G92 E0

M486 S-1
;LAYER:3

;_SET_FAN_SPEED_CHANGING_LAYER
;CUSTOM_GCODE
; start pressure advance pattern for layer
G1 Z.26 F15000
M204 P2999
G1 E-1.5 F1800
G1 Z.66 F15000
G1 X72.261 Y117.28
G1 Z.26
G1 E1.5 F1800
G1 F7440
G1 X72.261 Y159.706 E.64131
M204 P3000
G1 E-1.5 F1800
G1 Z.66 F15000
G1 X74.898 Y117.28
G1 Z.26
M73 P73 R4
G1 E1.5 F1800
M900 K0; Override pressure advance value
G1 F7500
G1 X96.111 Y138.493 E.45348

G1 X74.898 Y159.706 E.45348
G1 E-1.5 F1800
G1 Z.66 F15000
G1 X75.51 Y117.28
G1 Z.26
G1 E1.5 F1800
G1 F7500
G1 X96.723 Y138.493 E.45348

G1 X75.51 Y159.706 E.45348
G1 E-1.5 F1800
G1 Z.66 F15000
G1 X76.122 Y117.28
G1 Z.26
G1 E1.5 F1800
G1 F7500
G1 X97.336 Y138.493 E.45348

G1 X76.122 Y159.706 E.45348
G1 E-1.5 F1800
G1 Z.66 F15000
G1 X78.572 Y117.28
G1 Z.26
G1 E1.5 F1800
M900 K0.005; Override pressure advance value
G1 F7500
G1 X99.786 Y138.493 E.45348

G1 X78.572 Y159.706 E.45348
G1 E-1.5 F1800
G1 Z.66 F15000
G1 X79.184 Y117.28
G1 Z.26
G1 E1.5 F1800
G1 F7500
G1 X100.398 Y138.493 E.45348

G1 X79.184 Y159.706 E.45348
G1 E-1.5 F1800
G1 Z.66 F15000
G1 X79.797 Y117.28
G1 Z.26
G1 E1.5 F1800
G1 F7500
G1 X101.01 Y138.493 E.45348

G1 X79.797 Y159.706 E.45348
G1 E-1.5 F1800
G1 Z.66 F15000
G1 X82.247 Y117.28
G1 Z.26
G1 E1.5 F1800
M900 K0.01; Override pressure advance value
G1 F7500
G1 X103.46 Y138.493 E.45348

G1 X82.247 Y159.706 E.45348
G1 E-1.5 F1800
G1 Z.66 F15000
G1 X82.859 Y117.28
G1 Z.26
G1 E1.5 F1800
G1 F7500
G1 X104.072 Y138.493 E.45348

G1 X82.859 Y159.706 E.45348
G1 E-1.5 F1800
G1 Z.66 F15000
G1 X83.471 Y117.28
G1 Z.26
G1 E1.5 F1800
G1 F7500
G1 X104.684 Y138.493 E.45348

G1 X83.471 Y159.706 E.45348
G1 E-1.5 F1800
M73 P74 R4
G1 Z.66 F15000
G1 X85.921 Y117.28
G1 Z.26
G1 E1.5 F1800
M900 K0.015; Override pressure advance value
G1 F7500
G1 X107.134 Y138.493 E.45348

G1 X85.921 Y159.706 E.45348
G1 E-1.5 F1800
G1 Z.66 F15000
G1 X86.533 Y117.28
G1 Z.26
G1 E1.5 F1800
G1 F7500
G1 X107.746 Y138.493 E.45348

G1 X86.533 Y159.706 E.45348
G1 E-1.5 F1800
G1 Z.66 F15000
G1 X87.145 Y117.28
G1 Z.26
G1 E1.5 F1800
G1 F7500
G1 X108.358 Y138.493 E.45348

G1 X87.145 Y159.706 E.45348
G1 E-1.5 F1800
G1 Z.66 F15000
G1 X89.595 Y117.28
G1 Z.26
G1 E1.5 F1800
M900 K0.02; Override pressure advance value
G1 F7500
G1 X110.808 Y138.493 E.45348

G1 X89.595 Y159.706 E.45348
G1 E-1.5 F1800
G1 Z.66 F15000
G1 X90.207 Y117.28
G1 Z.26
G1 E1.5 F1800
G1 F7500
G1 X111.42 Y138.493 E.45348

G1 X90.207 Y159.706 E.45348
G1 E-1.5 F1800
G1 Z.66 F15000
G1 X90.819 Y117.28
G1 Z.26
G1 E1.5 F1800
G1 F7500
G1 X112.033 Y138.493 E.45348

G1 X90.819 Y159.706 E.45348
G1 E-1.5 F1800
G1 Z.66 F15000
G1 X93.269 Y117.28
G1 Z.26
G1 E1.5 F1800
M900 K0.025; Override pressure advance value
G1 F7500
G1 X114.483 Y138.493 E.45348

G1 X93.269 Y159.706 E.45348
G1 E-1.5 F1800
G1 Z.66 F15000
G1 X93.881 Y117.28
G1 Z.26
G1 E1.5 F1800
G1 F7500
G1 X115.095 Y138.493 E.45348

G1 X93.881 Y159.706 E.45348
G1 E-1.5 F1800
G1 Z.66 F15000
G1 X94.494 Y117.28
G1 Z.26
G1 E1.5 F1800
G1 F7500
G1 X115.707 Y138.493 E.45348

G1 X94.494 Y159.706 E.45348
M73 P75 R4
G1 E-1.5 F1800
G1 Z.66 F15000
G1 X96.944 Y117.28
G1 Z.26
G1 E1.5 F1800
M900 K0.03; Override pressure advance value
G1 F7500
G1 X118.157 Y138.493 E.45348

G1 X96.944 Y159.706 E.45348
G1 E-1.5 F1800
G1 Z.66 F15000
G1 X97.556 Y117.28
G1 Z.26
G1 E1.5 F1800
G1 F7500
G1 X118.769 Y138.493 E.45348

G1 X97.556 Y159.706 E.45348
G1 E-1.5 F1800
G1 Z.66 F15000
G1 X98.168 Y117.28
G1 Z.26
G1 E1.5 F1800
G1 F7500
G1 X119.381 Y138.493 E.45348

G1 X98.168 Y159.706 E.45348
G1 E-1.5 F1800
G1 Z.66 F15000
G1 X100.618 Y117.28
G1 Z.26
G1 E1.5 F1800
M900 K0.035; Override pressure advance value
G1 F7500
G1 X121.831 Y138.493 E.45348

G1 X100.618 Y159.706 E.45348
M73 P75 R3
G1 E-1.5 F1800
G1 Z.66 F15000
G1 X101.23 Y117.28
G1 Z.26
G1 E1.5 F1800
G1 F7500
G1 X122.443 Y138.493 E.45348

G1 X101.23 Y159.706 E.45348
G1 E-1.5 F1800
G1 Z.66 F15000
G1 X101.842 Y117.28
G1 Z.26
G1 E1.5 F1800
G1 F7500
G1 X123.055 Y138.493 E.45348

G1 X101.842 Y159.706 E.45348
G1 E-1.5 F1800
G1 Z.66 F15000
G1 X104.292 Y117.28
G1 Z.26
G1 E1.5 F1800
M900 K0.04; Override pressure advance value
G1 F7500
G1 X125.505 Y138.493 E.45348

G1 X104.292 Y159.706 E.45348
G1 E-1.5 F1800
G1 Z.66 F15000
G1 X104.904 Y117.28
G1 Z.26
G1 E1.5 F1800
G1 F7500
G1 X126.117 Y138.493 E.45348

G1 X104.904 Y159.706 E.45348
G1 E-1.5 F1800
G1 Z.66 F15000
G1 X105.516 Y117.28
G1 Z.26
M73 P76 R3
G1 E1.5 F1800
G1 F7500
G1 X126.729 Y138.493 E.45348

G1 X105.516 Y159.706 E.45348
G1 E-1.5 F1800
G1 Z.66 F15000
G1 X107.966 Y117.28
G1 Z.26
G1 E1.5 F1800
M900 K0.045; Override pressure advance value
G1 F7500
G1 X129.179 Y138.493 E.45348

G1 X107.966 Y159.706 E.45348
G1 E-1.5 F1800
G1 Z.66 F15000
G1 X108.578 Y117.28
G1 Z.26
G1 E1.5 F1800
G1 F7500
G1 X129.792 Y138.493 E.45348

G1 X108.578 Y159.706 E.45348
G1 E-1.5 F1800
G1 Z.66 F15000
G1 X109.19 Y117.28
G1 Z.26
G1 E1.5 F1800
G1 F7500
G1 X130.404 Y138.493 E.45348

G1 X109.19 Y159.706 E.45348
G1 E-1.5 F1800
G1 Z.66 F15000
G1 X111.64 Y117.28
G1 Z.26
G1 E1.5 F1800
M900 K0.05; Override pressure advance value
G1 F7500
G1 X132.854 Y138.493 E.45348

G1 X111.64 Y159.706 E.45348
G1 E-1.5 F1800
G1 Z.66 F15000
G1 X112.253 Y117.28
G1 Z.26
G1 E1.5 F1800
G1 F7500
G1 X133.466 Y138.493 E.45348

G1 X112.253 Y159.706 E.45348
G1 E-1.5 F1800
G1 Z.66 F15000
G1 X112.865 Y117.28
G1 Z.26
G1 E1.5 F1800
G1 F7500
G1 X134.078 Y138.493 E.45348

G1 X112.865 Y159.706 E.45348
G1 E-1.5 F1800
G1 Z.66 F15000
G1 X115.315 Y117.28
G1 Z.26
G1 E1.5 F1800
M900 K0.055; Override pressure advance value
G1 F7500
G1 X136.528 Y138.493 E.45348

G1 X115.315 Y159.706 E.45348
G1 E-1.5 F1800
G1 Z.66 F15000
G1 X115.927 Y117.28
G1 Z.26
G1 E1.5 F1800
G1 F7500
G1 X137.14 Y138.493 E.45348

G1 X115.927 Y159.706 E.45348
G1 E-1.5 F1800
M73 P77 R3
G1 Z.66 F15000
G1 X116.539 Y117.28
G1 Z.26
G1 E1.5 F1800
G1 F7500
G1 X137.752 Y138.493 E.45348

G1 X116.539 Y159.706 E.45348
G1 E-1.5 F1800
G1 Z.66 F15000
G1 X118.989 Y117.28
G1 Z.26
G1 E1.5 F1800
M900 K0.06; Override pressure advance value
G1 F7500
G1 X140.202 Y138.493 E.45348

G1 X118.989 Y159.706 E.45348
G1 E-1.5 F1800
G1 Z.66 F15000
G1 X119.601 Y117.28
G1 Z.26
G1 E1.5 F1800
G1 F7500
G1 X140.814 Y138.493 E.45348

G1 X119.601 Y159.706 E.45348
G1 E-1.5 F1800
G1 Z.66 F15000
G1 X120.213 Y117.28
G1 Z.26
G1 E1.5 F1800
G1 F7500
G1 X141.426 Y138.493 E.45348

G1 X120.213 Y159.706 E.45348
G1 E-1.5 F1800
G1 Z.66 F15000
G1 X122.663 Y117.28
G1 Z.26
G1 E1.5 F1800
M900 K0.065; Override pressure advance value
G1 F7500
G1 X143.876 Y138.493 E.45348

G1 X122.663 Y159.706 E.45348
G1 E-1.5 F1800
G1 Z.66 F15000
G1 X123.275 Y117.28
G1 Z.26
G1 E1.5 F1800
G1 F7500
G1 X144.488 Y138.493 E.45348

G1 X123.275 Y159.706 E.45348
G1 E-1.5 F1800
G1 Z.66 F15000
G1 X123.887 Y117.28
G1 Z.26
G1 E1.5 F1800
G1 F7500
G1 X145.101 Y138.493 E.45348

G1 X123.887 Y159.706 E.45348
G1 E-1.5 F1800
G1 Z.66 F15000
G1 X126.337 Y117.28
G1 Z.26
G1 E1.5 F1800
M900 K0.07; Override pressure advance value
G1 F7500
G1 X147.551 Y138.493 E.45348

G1 X126.337 Y159.706 E.45348
G1 E-1.5 F1800
G1 Z.66 F15000
G1 X126.95 Y117.28
G1 Z.26
G1 E1.5 F1800
G1 F7500
G1 X148.163 Y138.493 E.45348

G1 X126.95 Y159.706 E.45348
M73 P78 R3
G1 E-1.5 F1800
G1 Z.66 F15000
G1 X127.562 Y117.28
G1 Z.26
G1 E1.5 F1800
G1 F7500
G1 X148.775 Y138.493 E.45348

G1 X127.562 Y159.706 E.45348
G1 E-1.5 F1800
G1 Z.66 F15000
G1 X130.012 Y117.28
G1 Z.26
G1 E1.5 F1800
M900 K0.075; Override pressure advance value
G1 F7500
G1 X151.225 Y138.493 E.45348

G1 X130.012 Y159.706 E.45348
G1 E-1.5 F1800
G1 Z.66 F15000
G1 X130.624 Y117.28
G1 Z.26
G1 E1.5 F1800
G1 F7500
G1 X151.837 Y138.493 E.45348

G1 X130.624 Y159.706 E.45348
G1 E-1.5 F1800
G1 Z.66 F15000
G1 X131.236 Y117.28
G1 Z.26
G1 E1.5 F1800
G1 F7500
G1 X152.449 Y138.493 E.45348

G1 X131.236 Y159.706 E.45348
G1 E-1.5 F1800
G1 Z.66 F15000
G1 X133.686 Y117.28
G1 Z.26
G1 E1.5 F1800
M900 K0.08; Override pressure advance value
G1 F7500
G1 X154.899 Y138.493 E.45348

G1 X133.686 Y159.706 E.45348
G1 E-1.5 F1800
G1 Z.66 F15000
G1 X134.298 Y117.28
G1 Z.26
G1 E1.5 F1800
G1 F7500
G1 X155.511 Y138.493 E.45348

G1 X134.298 Y159.706 E.45348
G1 E-1.5 F1800
G1 Z.66 F15000
G1 X134.91 Y117.28
G1 Z.26
G1 E1.5 F1800
G1 F7500
G1 X156.123 Y138.493 E.45348

G1 X134.91 Y159.706 E.45348
G1 E-1.5 F1800
G1 Z.66 F15000
G1 X74.898 Y117.28
G1 Z.26
G1 E1.5 F1800
; end pressure advance pattern for layer
; start pressure advance pattern for layer
G1 Z.26 F15000
M204 P2999
G1 E-1.5 F1800
G1 Z.66 F15000
G1 X72.261 Y57.294
G1 Z.26
G1 E1.5 F1800
G1 F14940
G1 X72.261 Y99.72 E.64131
M204 P3000
G1 E-1.5 F1800
M73 P79 R3
G1 Z.66 F15000
G1 X74.898 Y57.294
G1 Z.26
G1 E1.5 F1800
M900 K0; Override pressure advance value
G1 F15000
G1 X96.111 Y78.507 E.45348

G1 X74.898 Y99.72 E.45348
G1 E-1.5 F1800
G1 Z.66 F15000
G1 X75.51 Y57.294
G1 Z.26
G1 E1.5 F1800
G1 F15000
G1 X96.723 Y78.507 E.45348

G1 X75.51 Y99.72 E.45348
G1 E-1.5 F1800
G1 Z.66 F15000
G1 X76.122 Y57.294
G1 Z.26
G1 E1.5 F1800
G1 F15000
G1 X97.336 Y78.507 E.45348

G1 X76.122 Y99.72 E.45348
G1 E-1.5 F1800
G1 Z.66 F15000
G1 X78.572 Y57.294
G1 Z.26
G1 E1.5 F1800
M900 K0.005; Override pressure advance value
G1 F15000
G1 X99.786 Y78.507 E.45348

G1 X78.572 Y99.72 E.45348
G1 E-1.5 F1800
G1 Z.66 F15000
G1 X79.184 Y57.294
G1 Z.26
G1 E1.5 F1800
G1 F15000
G1 X100.398 Y78.507 E.45348

G1 X79.184 Y99.72 E.45348
G1 E-1.5 F1800
G1 Z.66 F15000
G1 X79.797 Y57.294
G1 Z.26
G1 E1.5 F1800
G1 F15000
G1 X101.01 Y78.507 E.45348

G1 X79.797 Y99.72 E.45348
G1 E-1.5 F1800
G1 Z.66 F15000
G1 X82.247 Y57.294
G1 Z.26
G1 E1.5 F1800
M900 K0.01; Override pressure advance value
G1 F15000
G1 X103.46 Y78.507 E.45348

G1 X82.247 Y99.72 E.45348
G1 E-1.5 F1800
G1 Z.66 F15000
G1 X82.859 Y57.294
G1 Z.26
G1 E1.5 F1800
G1 F15000
G1 X104.072 Y78.507 E.45348

G1 X82.859 Y99.72 E.45348
G1 E-1.5 F1800
G1 Z.66 F15000
G1 X83.471 Y57.294
G1 Z.26
G1 E1.5 F1800
G1 F15000
G1 X104.684 Y78.507 E.45348

G1 X83.471 Y99.72 E.45348
G1 E-1.5 F1800
G1 Z.66 F15000
G1 X85.921 Y57.294
G1 Z.26
G1 E1.5 F1800
M900 K0.015; Override pressure advance value
G1 F15000
G1 X107.134 Y78.507 E.45348

G1 X85.921 Y99.72 E.45348
M73 P80 R3
G1 E-1.5 F1800
G1 Z.66 F15000
G1 X86.533 Y57.294
G1 Z.26
G1 E1.5 F1800
G1 F15000
G1 X107.746 Y78.507 E.45348

G1 X86.533 Y99.72 E.45348
G1 E-1.5 F1800
G1 Z.66 F15000
G1 X87.145 Y57.294
G1 Z.26
G1 E1.5 F1800
G1 F15000
G1 X108.358 Y78.507 E.45348

G1 X87.145 Y99.72 E.45348
G1 E-1.5 F1800
G1 Z.66 F15000
G1 X89.595 Y57.294
G1 Z.26
G1 E1.5 F1800
M900 K0.02; Override pressure advance value
G1 F15000
G1 X110.808 Y78.507 E.45348

G1 X89.595 Y99.72 E.45348
G1 E-1.5 F1800
G1 Z.66 F15000
G1 X90.207 Y57.294
G1 Z.26
G1 E1.5 F1800
G1 F15000
G1 X111.42 Y78.507 E.45348

G1 X90.207 Y99.72 E.45348
G1 E-1.5 F1800
G1 Z.66 F15000
G1 X90.819 Y57.294
G1 Z.26
G1 E1.5 F1800
G1 F15000
G1 X112.033 Y78.507 E.45348

G1 X90.819 Y99.72 E.45348
G1 E-1.5 F1800
G1 Z.66 F15000
G1 X93.269 Y57.294
G1 Z.26
G1 E1.5 F1800
M900 K0.025; Override pressure advance value
G1 F15000
G1 X114.483 Y78.507 E.45348

G1 X93.269 Y99.72 E.45348
G1 E-1.5 F1800
G1 Z.66 F15000
G1 X93.881 Y57.294
G1 Z.26
G1 E1.5 F1800
G1 F15000
G1 X115.095 Y78.507 E.45348

G1 X93.881 Y99.72 E.45348
G1 E-1.5 F1800
G1 Z.66 F15000
G1 X94.494 Y57.294
G1 Z.26
G1 E1.5 F1800
G1 F15000
G1 X115.707 Y78.507 E.45348

G1 X94.494 Y99.72 E.45348
G1 E-1.5 F1800
G1 Z.66 F15000
G1 X96.944 Y57.294
G1 Z.26
G1 E1.5 F1800
M900 K0.03; Override pressure advance value
G1 F15000
G1 X118.157 Y78.507 E.45348

G1 X96.944 Y99.72 E.45348
G1 E-1.5 F1800
G1 Z.66 F15000
G1 X97.556 Y57.294
G1 Z.26
G1 E1.5 F1800
G1 F15000
G1 X118.769 Y78.507 E.45348

G1 X97.556 Y99.72 E.45348
M73 P81 R3
G1 E-1.5 F1800
G1 Z.66 F15000
G1 X98.168 Y57.294
G1 Z.26
G1 E1.5 F1800
G1 F15000
G1 X119.381 Y78.507 E.45348

G1 X98.168 Y99.72 E.45348
G1 E-1.5 F1800
G1 Z.66 F15000
G1 X100.618 Y57.294
G1 Z.26
G1 E1.5 F1800
M900 K0.035; Override pressure advance value
G1 F15000
G1 X121.831 Y78.507 E.45348

G1 X100.618 Y99.72 E.45348
G1 E-1.5 F1800
G1 Z.66 F15000
G1 X101.23 Y57.294
G1 Z.26
G1 E1.5 F1800
G1 F15000
G1 X122.443 Y78.507 E.45348

G1 X101.23 Y99.72 E.45348
G1 E-1.5 F1800
G1 Z.66 F15000
G1 X101.842 Y57.294
G1 Z.26
G1 E1.5 F1800
G1 F15000
G1 X123.055 Y78.507 E.45348

G1 X101.842 Y99.72 E.45348
G1 E-1.5 F1800
G1 Z.66 F15000
G1 X104.292 Y57.294
G1 Z.26
G1 E1.5 F1800
M900 K0.04; Override pressure advance value
G1 F15000
G1 X125.505 Y78.507 E.45348

G1 X104.292 Y99.72 E.45348
G1 E-1.5 F1800
G1 Z.66 F15000
G1 X104.904 Y57.294
G1 Z.26
G1 E1.5 F1800
G1 F15000
G1 X126.117 Y78.507 E.45348

G1 X104.904 Y99.72 E.45348
M73 P81 R2
G1 E-1.5 F1800
G1 Z.66 F15000
G1 X105.516 Y57.294
G1 Z.26
G1 E1.5 F1800
G1 F15000
G1 X126.729 Y78.507 E.45348

G1 X105.516 Y99.72 E.45348
G1 E-1.5 F1800
G1 Z.66 F15000
G1 X107.966 Y57.294
G1 Z.26
G1 E1.5 F1800
M900 K0.045; Override pressure advance value
G1 F15000
G1 X129.179 Y78.507 E.45348

G1 X107.966 Y99.72 E.45348
G1 E-1.5 F1800
G1 Z.66 F15000
G1 X108.578 Y57.294
G1 Z.26
G1 E1.5 F1800
G1 F15000
G1 X129.792 Y78.507 E.45348

G1 X108.578 Y99.72 E.45348
G1 E-1.5 F1800
G1 Z.66 F15000
G1 X109.19 Y57.294
G1 Z.26
G1 E1.5 F1800
G1 F15000
G1 X130.404 Y78.507 E.45348

G1 X109.19 Y99.72 E.45348
M73 P82 R2
G1 E-1.5 F1800
G1 Z.66 F15000
G1 X111.64 Y57.294
G1 Z.26
G1 E1.5 F1800
M900 K0.05; Override pressure advance value
G1 F15000
G1 X132.854 Y78.507 E.45348

G1 X111.64 Y99.72 E.45348
G1 E-1.5 F1800
G1 Z.66 F15000
G1 X112.253 Y57.294
G1 Z.26
G1 E1.5 F1800
G1 F15000
G1 X133.466 Y78.507 E.45348

G1 X112.253 Y99.72 E.45348
G1 E-1.5 F1800
G1 Z.66 F15000
G1 X112.865 Y57.294
G1 Z.26
G1 E1.5 F1800
G1 F15000
G1 X134.078 Y78.507 E.45348

G1 X112.865 Y99.72 E.45348
G1 E-1.5 F1800
G1 Z.66 F15000
G1 X115.315 Y57.294
G1 Z.26
G1 E1.5 F1800
M900 K0.055; Override pressure advance value
G1 F15000
G1 X136.528 Y78.507 E.45348

G1 X115.315 Y99.72 E.45348
G1 E-1.5 F1800
G1 Z.66 F15000
G1 X115.927 Y57.294
G1 Z.26
G1 E1.5 F1800
G1 F15000
G1 X137.14 Y78.507 E.45348

G1 X115.927 Y99.72 E.45348
G1 E-1.5 F1800
G1 Z.66 F15000
G1 X116.539 Y57.294
G1 Z.26
G1 E1.5 F1800
G1 F15000
G1 X137.752 Y78.507 E.45348

G1 X116.539 Y99.72 E.45348
G1 E-1.5 F1800
G1 Z.66 F15000
G1 X118.989 Y57.294
G1 Z.26
G1 E1.5 F1800
M900 K0.06; Override pressure advance value
G1 F15000
G1 X140.202 Y78.507 E.45348

G1 X118.989 Y99.72 E.45348
G1 E-1.5 F1800
G1 Z.66 F15000
G1 X119.601 Y57.294
G1 Z.26
G1 E1.5 F1800
G1 F15000
G1 X140.814 Y78.507 E.45348

G1 X119.601 Y99.72 E.45348
G1 E-1.5 F1800
G1 Z.66 F15000
G1 X120.213 Y57.294
G1 Z.26
G1 E1.5 F1800
G1 F15000
G1 X141.426 Y78.507 E.45348

G1 X120.213 Y99.72 E.45348
G1 E-1.5 F1800
G1 Z.66 F15000
G1 X122.663 Y57.294
G1 Z.26
G1 E1.5 F1800
M73 P83 R2
M900 K0.065; Override pressure advance value
G1 F15000
G1 X143.876 Y78.507 E.45348

G1 X122.663 Y99.72 E.45348
G1 E-1.5 F1800
G1 Z.66 F15000
G1 X123.275 Y57.294
G1 Z.26
G1 E1.5 F1800
G1 F15000
G1 X144.488 Y78.507 E.45348

G1 X123.275 Y99.72 E.45348
G1 E-1.5 F1800
G1 Z.66 F15000
G1 X123.887 Y57.294
G1 Z.26
G1 E1.5 F1800
G1 F15000
G1 X145.101 Y78.507 E.45348

G1 X123.887 Y99.72 E.45348
G1 E-1.5 F1800
G1 Z.66 F15000
G1 X126.337 Y57.294
G1 Z.26
G1 E1.5 F1800
M900 K0.07; Override pressure advance value
G1 F15000
G1 X147.551 Y78.507 E.45348

G1 X126.337 Y99.72 E.45348
G1 E-1.5 F1800
G1 Z.66 F15000
G1 X126.95 Y57.294
G1 Z.26
G1 E1.5 F1800
G1 F15000
G1 X148.163 Y78.507 E.45348

G1 X126.95 Y99.72 E.45348
G1 E-1.5 F1800
G1 Z.66 F15000
G1 X127.562 Y57.294
G1 Z.26
G1 E1.5 F1800
G1 F15000
G1 X148.775 Y78.507 E.45348

G1 X127.562 Y99.72 E.45348
G1 E-1.5 F1800
G1 Z.66 F15000
G1 X130.012 Y57.294
G1 Z.26
G1 E1.5 F1800
M900 K0.075; Override pressure advance value
G1 F15000
G1 X151.225 Y78.507 E.45348

G1 X130.012 Y99.72 E.45348
G1 E-1.5 F1800
G1 Z.66 F15000
G1 X130.624 Y57.294
G1 Z.26
G1 E1.5 F1800
G1 F15000
G1 X151.837 Y78.507 E.45348

G1 X130.624 Y99.72 E.45348
G1 E-1.5 F1800
G1 Z.66 F15000
G1 X131.236 Y57.294
G1 Z.26
G1 E1.5 F1800
G1 F15000
G1 X152.449 Y78.507 E.45348

G1 X131.236 Y99.72 E.45348
G1 E-1.5 F1800
G1 Z.66 F15000
G1 X133.686 Y57.294
G1 Z.26
G1 E1.5 F1800
M900 K0.08; Override pressure advance value
G1 F15000
G1 X154.899 Y78.507 E.45348

G1 X133.686 Y99.72 E.45348
G1 E-1.5 F1800
G1 Z.66 F15000
G1 X134.298 Y57.294
G1 Z.26
M73 P84 R2
G1 E1.5 F1800
G1 F15000
G1 X155.511 Y78.507 E.45348

G1 X134.298 Y99.72 E.45348
G1 E-1.5 F1800
G1 Z.66 F15000
G1 X134.91 Y57.294
G1 Z.26
G1 E1.5 F1800
G1 F15000
G1 X156.123 Y78.507 E.45348

G1 X134.91 Y99.72 E.45348
G1 E-1.5 F1800
G1 Z.66 F15000
G1 X74.898 Y57.294
G1 Z.26
G1 E1.5 F1800
; end pressure advance pattern for layer

G1 E-1.5
M486 S0
G1 X74.522 Y137.054 Z.26 F15000
G1 E1.5 F1800
;TYPE:Inner wall
;WIDTH:0.449999
G1 F600
G1 X77.4 Y137.054 E.04221
G1 X77.4 Y139.933 E.04221
G1 X74.522 Y139.933 E.04221
G1 X74.522 Y137.094 E.04162
G1 E-1.5 F1800
G1 X74.11 Y137.094 F15000
G1 X74.11 Y136.643
G1 X73.671 Y136.203
G1 E1.5 F1800
;TYPE:Outer wall
;WIDTH:0.419999
G1 F7500
G1 X78.251 Y136.203 E.0625
G1 X78.251 Y140.783 E.0625
G1 X73.671 Y140.783 E.0625
G1 X73.671 Y136.243 E.06195
G1 X74.11 Y136.643 F15000
G1 X74.089 Y136.621
;TYPE:Inner wall
;WIDTH:0.449999
G1 F600
G1 X77.833 Y136.621 E.0549
G1 X77.833 Y140.365 E.0549
G1 X74.089 Y140.365 E.0549
G1 X74.089 Y136.661 E.05431
G1 X75.752 Y138.702 F15000
;TYPE:Internal solid infill
;WIDTH:0.43443
G1 F600
G1 X76.17 Y138.702 E.0059
G1 X76.17 Y138.285 E.0059
G1 X75.752 Y138.285 E.0059
G1 X75.752 Y138.662 E.00533
G1 X75.342 Y139.112 F15000
;WIDTH:0.419999
G1 F600
G1 X76.58 Y139.112 E.01689
G1 X76.58 Y137.875 E.01689
G1 X75.342 Y137.875 E.01689
G1 X75.342 Y139.072 E.01634
G1 X74.94 Y139.515 F15000
G1 F600
G1 X76.983 Y139.515 E.02788
G1 X76.983 Y137.472 E.02788
G1 X74.94 Y137.472 E.02788
G1 X74.94 Y139.475 E.02733
G1 E-1.5 F1800
M486 S-1
M486 S0
G1 X74.522 Y79.946 F15000
G1 E1.5 F1800
;TYPE:Inner wall
;WIDTH:0.449999
G1 F600
G1 X74.522 Y77.067 E.04221
G1 X77.4 Y77.067 E.04221
G1 X77.4 Y79.946 E.04221
G1 X74.562 Y79.946 E.04162
G1 E-1.5 F1800
G1 X74.562 Y80.357 F15000
G1 X74.11 Y80.357
G1 X73.671 Y80.797
G1 E1.5 F1800
;TYPE:Outer wall
;WIDTH:0.419999
G1 F15000
G1 X73.671 Y76.217 E.0625
G1 X78.251 Y76.217 E.0625
G1 X78.251 Y80.797 E.0625
G1 X73.711 Y80.797 E.06195
G1 X74.11 Y80.357
M73 P85 R2
G1 X74.11 Y80.358
G1 X74.089 Y80.379
;TYPE:Inner wall
;WIDTH:0.449999
G1 F600
G1 X74.089 Y76.635 E.0549
G1 X77.833 Y76.635 E.0549
G1 X77.833 Y80.379 E.0549
G1 X74.129 Y80.379 E.05431
G1 X75.752 Y78.715 F15000
;TYPE:Internal solid infill
;WIDTH:0.43443
G1 F600
G1 X76.17 Y78.715 E.0059
G1 X76.17 Y78.298 E.0059
G1 X75.752 Y78.298 E.0059
G1 X75.752 Y78.675 E.00533
G1 X75.342 Y79.125 F15000
;WIDTH:0.419999
G1 F600
G1 X76.58 Y79.125 E.01689
G1 X76.58 Y77.888 E.01689
G1 X75.342 Y77.888 E.01689
G1 X75.342 Y79.085 E.01634
G1 X74.94 Y79.528 F15000
G1 F600
G1 X76.983 Y79.528 E.02788
G1 X76.983 Y77.485 E.02788
G1 X74.94 Y77.485 E.02788
G1 X74.94 Y79.488 E.02733
M106 S127
;LAYER_CHANGE
;Z:0.34
;HEIGHT:0.08
;BEFORE_LAYER_CHANGE
;0.34
G92 E0

M486 S-1
;LAYER:4

;_SET_FAN_SPEED_CHANGING_LAYER
;CUSTOM_GCODE
; start pressure advance pattern for layer
G1 Z.34 F15000
M204 P2999
G1 E-1.5 F1800
G1 Z.74 F15000
G1 X72.261 Y117.28
G1 Z.34
G1 E1.5 F1800
G1 F7440
G1 X72.261 Y159.706 E.64131
M204 P3000
G1 E-1.5 F1800
G1 Z.74 F15000
G1 X74.898 Y117.28
G1 Z.34
G1 E1.5 F1800
M900 K0; Override pressure advance value
G1 F7500
G1 X96.111 Y138.493 E.45348

G1 X74.898 Y159.706 E.45348
G1 E-1.5 F1800
G1 Z.74 F15000
G1 X75.51 Y117.28
G1 Z.34
G1 E1.5 F1800
G1 F7500
G1 X96.723 Y138.493 E.45348

G1 X75.51 Y159.706 E.45348
G1 E-1.5 F1800
G1 Z.74 F15000
G1 X76.122 Y117.28
G1 Z.34
G1 E1.5 F1800
G1 F7500
G1 X97.336 Y138.493 E.45348

G1 X76.122 Y159.706 E.45348
G1 E-1.5 F1800
G1 Z.74 F15000
G1 X78.572 Y117.28
G1 Z.34
G1 E1.5 F1800
M900 K0.005; Override pressure advance value
G1 F7500
G1 X99.786 Y138.493 E.45348

G1 X78.572 Y159.706 E.45348
G1 E-1.5 F1800
G1 Z.74 F15000
G1 X79.184 Y117.28
G1 Z.34
G1 E1.5 F1800
G1 F7500
G1 X100.398 Y138.493 E.45348

G1 X79.184 Y159.706 E.45348
G1 E-1.5 F1800
G1 Z.74 F15000
G1 X79.797 Y117.28
M73 P86 R2
G1 Z.34
G1 E1.5 F1800
G1 F7500
G1 X101.01 Y138.493 E.45348

G1 X79.797 Y159.706 E.45348
G1 E-1.5 F1800
G1 Z.74 F15000
G1 X82.247 Y117.28
G1 Z.34
G1 E1.5 F1800
M900 K0.01; Override pressure advance value
G1 F7500
G1 X103.46 Y138.493 E.45348

G1 X82.247 Y159.706 E.45348
G1 E-1.5 F1800
G1 Z.74 F15000
G1 X82.859 Y117.28
G1 Z.34
G1 E1.5 F1800
G1 F7500
G1 X104.072 Y138.493 E.45348

G1 X82.859 Y159.706 E.45348
G1 E-1.5 F1800
G1 Z.74 F15000
G1 X83.471 Y117.28
G1 Z.34
G1 E1.5 F1800
G1 F7500
G1 X104.684 Y138.493 E.45348

G1 X83.471 Y159.706 E.45348
G1 E-1.5 F1800
G1 Z.74 F15000
G1 X85.921 Y117.28
G1 Z.34
G1 E1.5 F1800
M900 K0.015; Override pressure advance value
G1 F7500
G1 X107.134 Y138.493 E.45348

G1 X85.921 Y159.706 E.45348
G1 E-1.5 F1800
G1 Z.74 F15000
G1 X86.533 Y117.28
G1 Z.34
G1 E1.5 F1800
G1 F7500
G1 X107.746 Y138.493 E.45348

G1 X86.533 Y159.706 E.45348
G1 E-1.5 F1800
G1 Z.74 F15000
G1 X87.145 Y117.28
G1 Z.34
G1 E1.5 F1800
G1 F7500
G1 X108.358 Y138.493 E.45348

G1 X87.145 Y159.706 E.45348
G1 E-1.5 F1800
G1 Z.74 F15000
G1 X89.595 Y117.28
G1 Z.34
G1 E1.5 F1800
M900 K0.02; Override pressure advance value
G1 F7500
G1 X110.808 Y138.493 E.45348

G1 X89.595 Y159.706 E.45348
G1 E-1.5 F1800
G1 Z.74 F15000
G1 X90.207 Y117.28
G1 Z.34
G1 E1.5 F1800
G1 F7500
G1 X111.42 Y138.493 E.45348

G1 X90.207 Y159.706 E.45348
M73 P87 R2
G1 E-1.5 F1800
G1 Z.74 F15000
G1 X90.819 Y117.28
G1 Z.34
G1 E1.5 F1800
G1 F7500
G1 X112.033 Y138.493 E.45348

G1 X90.819 Y159.706 E.45348
G1 E-1.5 F1800
G1 Z.74 F15000
G1 X93.269 Y117.28
G1 Z.34
G1 E1.5 F1800
M900 K0.025; Override pressure advance value
G1 F7500
G1 X114.483 Y138.493 E.45348

G1 X93.269 Y159.706 E.45348
G1 E-1.5 F1800
G1 Z.74 F15000
G1 X93.881 Y117.28
G1 Z.34
G1 E1.5 F1800
G1 F7500
G1 X115.095 Y138.493 E.45348

G1 X93.881 Y159.706 E.45348
G1 E-1.5 F1800
G1 Z.74 F15000
G1 X94.494 Y117.28
G1 Z.34
G1 E1.5 F1800
G1 F7500
G1 X115.707 Y138.493 E.45348

G1 X94.494 Y159.706 E.45348
G1 E-1.5 F1800
G1 Z.74 F15000
G1 X96.944 Y117.28
G1 Z.34
G1 E1.5 F1800
M900 K0.03; Override pressure advance value
G1 F7500
G1 X118.157 Y138.493 E.45348

G1 X96.944 Y159.706 E.45348
G1 E-1.5 F1800
G1 Z.74 F15000
G1 X97.556 Y117.28
G1 Z.34
G1 E1.5 F1800
G1 F7500
G1 X118.769 Y138.493 E.45348

G1 X97.556 Y159.706 E.45348
G1 E-1.5 F1800
G1 Z.74 F15000
G1 X98.168 Y117.28
G1 Z.34
M73 P87 R1
G1 E1.5 F1800
G1 F7500
G1 X119.381 Y138.493 E.45348

G1 X98.168 Y159.706 E.45348
G1 E-1.5 F1800
G1 Z.74 F15000
G1 X100.618 Y117.28
G1 Z.34
G1 E1.5 F1800
M900 K0.035; Override pressure advance value
G1 F7500
G1 X121.831 Y138.493 E.45348

G1 X100.618 Y159.706 E.45348
G1 E-1.5 F1800
G1 Z.74 F15000
G1 X101.23 Y117.28
G1 Z.34
M73 P88 R1
G1 E1.5 F1800
G1 F7500
G1 X122.443 Y138.493 E.45348

G1 X101.23 Y159.706 E.45348
G1 E-1.5 F1800
G1 Z.74 F15000
G1 X101.842 Y117.28
G1 Z.34
G1 E1.5 F1800
G1 F7500
G1 X123.055 Y138.493 E.45348

G1 X101.842 Y159.706 E.45348
G1 E-1.5 F1800
G1 Z.74 F15000
G1 X104.292 Y117.28
G1 Z.34
G1 E1.5 F1800
M900 K0.04; Override pressure advance value
G1 F7500
G1 X125.505 Y138.493 E.45348

G1 X104.292 Y159.706 E.45348
G1 E-1.5 F1800
G1 Z.74 F15000
G1 X104.904 Y117.28
G1 Z.34
G1 E1.5 F1800
G1 F7500
G1 X126.117 Y138.493 E.45348

G1 X104.904 Y159.706 E.45348
G1 E-1.5 F1800
G1 Z.74 F15000
G1 X105.516 Y117.28
G1 Z.34
G1 E1.5 F1800
G1 F7500
G1 X126.729 Y138.493 E.45348

G1 X105.516 Y159.706 E.45348
G1 E-1.5 F1800
G1 Z.74 F15000
G1 X107.966 Y117.28
G1 Z.34
G1 E1.5 F1800
M900 K0.045; Override pressure advance value
G1 F7500
G1 X129.179 Y138.493 E.45348

G1 X107.966 Y159.706 E.45348
G1 E-1.5 F1800
G1 Z.74 F15000
G1 X108.578 Y117.28
G1 Z.34
G1 E1.5 F1800
G1 F7500
G1 X129.792 Y138.493 E.45348

G1 X108.578 Y159.706 E.45348
G1 E-1.5 F1800
G1 Z.74 F15000
G1 X109.19 Y117.28
G1 Z.34
G1 E1.5 F1800
G1 F7500
G1 X130.404 Y138.493 E.45348

G1 X109.19 Y159.706 E.45348
G1 E-1.5 F1800
G1 Z.74 F15000
G1 X111.64 Y117.28
G1 Z.34
G1 E1.5 F1800
M900 K0.05; Override pressure advance value
G1 F7500
G1 X132.854 Y138.493 E.45348

G1 X111.64 Y159.706 E.45348
G1 E-1.5 F1800
G1 Z.74 F15000
G1 X112.253 Y117.28
M73 P89 R1
G1 Z.34
G1 E1.5 F1800
G1 F7500
G1 X133.466 Y138.493 E.45348

G1 X112.253 Y159.706 E.45348
G1 E-1.5 F1800
G1 Z.74 F15000
G1 X112.865 Y117.28
G1 Z.34
G1 E1.5 F1800
G1 F7500
G1 X134.078 Y138.493 E.45348

G1 X112.865 Y159.706 E.45348
G1 E-1.5 F1800
G1 Z.74 F15000
G1 X115.315 Y117.28
G1 Z.34
G1 E1.5 F1800
M900 K0.055; Override pressure advance value
G1 F7500
G1 X136.528 Y138.493 E.45348

G1 X115.315 Y159.706 E.45348
G1 E-1.5 F1800
G1 Z.74 F15000
G1 X115.927 Y117.28
G1 Z.34
G1 E1.5 F1800
G1 F7500
G1 X137.14 Y138.493 E.45348

G1 X115.927 Y159.706 E.45348
G1 E-1.5 F1800
G1 Z.74 F15000
G1 X116.539 Y117.28
G1 Z.34
G1 E1.5 F1800
G1 F7500
G1 X137.752 Y138.493 E.45348

G1 X116.539 Y159.706 E.45348
G1 E-1.5 F1800
G1 Z.74 F15000
G1 X118.989 Y117.28
G1 Z.34
G1 E1.5 F1800
M900 K0.06; Override pressure advance value
G1 F7500
G1 X140.202 Y138.493 E.45348

G1 X118.989 Y159.706 E.45348
G1 E-1.5 F1800
G1 Z.74 F15000
G1 X119.601 Y117.28
G1 Z.34
G1 E1.5 F1800
G1 F7500
G1 X140.814 Y138.493 E.45348

G1 X119.601 Y159.706 E.45348
G1 E-1.5 F1800
G1 Z.74 F15000
G1 X120.213 Y117.28
G1 Z.34
G1 E1.5 F1800
G1 F7500
G1 X141.426 Y138.493 E.45348

G1 X120.213 Y159.706 E.45348
G1 E-1.5 F1800
G1 Z.74 F15000
G1 X122.663 Y117.28
G1 Z.34
G1 E1.5 F1800
M900 K0.065; Override pressure advance value
G1 F7500
G1 X143.876 Y138.493 E.45348

G1 X122.663 Y159.706 E.45348
M73 P90 R1
G1 E-1.5 F1800
G1 Z.74 F15000
G1 X123.275 Y117.28
G1 Z.34
G1 E1.5 F1800
G1 F7500
G1 X144.488 Y138.493 E.45348

G1 X123.275 Y159.706 E.45348
G1 E-1.5 F1800
G1 Z.74 F15000
G1 X123.887 Y117.28
G1 Z.34
G1 E1.5 F1800
G1 F7500
G1 X145.101 Y138.493 E.45348

G1 X123.887 Y159.706 E.45348
G1 E-1.5 F1800
G1 Z.74 F15000
G1 X126.337 Y117.28
G1 Z.34
G1 E1.5 F1800
M900 K0.07; Override pressure advance value
G1 F7500
G1 X147.551 Y138.493 E.45348

G1 X126.337 Y159.706 E.45348
G1 E-1.5 F1800
G1 Z.74 F15000
G1 X126.95 Y117.28
G1 Z.34
G1 E1.5 F1800
G1 F7500
G1 X148.163 Y138.493 E.45348

G1 X126.95 Y159.706 E.45348
G1 E-1.5 F1800
G1 Z.74 F15000
G1 X127.562 Y117.28
G1 Z.34
G1 E1.5 F1800
G1 F7500
G1 X148.775 Y138.493 E.45348

G1 X127.562 Y159.706 E.45348
G1 E-1.5 F1800
G1 Z.74 F15000
G1 X130.012 Y117.28
G1 Z.34
G1 E1.5 F1800
M900 K0.075; Override pressure advance value
G1 F7500
G1 X151.225 Y138.493 E.45348

G1 X130.012 Y159.706 E.45348
G1 E-1.5 F1800
G1 Z.74 F15000
G1 X130.624 Y117.28
G1 Z.34
G1 E1.5 F1800
G1 F7500
G1 X151.837 Y138.493 E.45348

G1 X130.624 Y159.706 E.45348
G1 E-1.5 F1800
G1 Z.74 F15000
G1 X131.236 Y117.28
G1 Z.34
G1 E1.5 F1800
G1 F7500
G1 X152.449 Y138.493 E.45348

G1 X131.236 Y159.706 E.45348
G1 E-1.5 F1800
G1 Z.74 F15000
G1 X133.686 Y117.28
G1 Z.34
M73 P91 R1
G1 E1.5 F1800
M900 K0.08; Override pressure advance value
G1 F7500
G1 X154.899 Y138.493 E.45348

G1 X133.686 Y159.706 E.45348
G1 E-1.5 F1800
G1 Z.74 F15000
G1 X134.298 Y117.28
G1 Z.34
G1 E1.5 F1800
G1 F7500
G1 X155.511 Y138.493 E.45348

G1 X134.298 Y159.706 E.45348
G1 E-1.5 F1800
G1 Z.74 F15000
G1 X134.91 Y117.28
G1 Z.34
G1 E1.5 F1800
G1 F7500
G1 X156.123 Y138.493 E.45348

G1 X134.91 Y159.706 E.45348
M900 K0; Override pressure advance value
; end pressure advance pattern for layer
; start pressure advance pattern for layer
G1 Z.34 F15000
M204 P2999
G1 E-1.5 F1800
G1 Z.74 F15000
G1 X72.261 Y57.294
G1 Z.34
G1 E1.5 F1800
G1 F14940
G1 X72.261 Y99.72 E.64131
M204 P3000
G1 E-1.5 F1800
G1 Z.74 F15000
G1 X74.898 Y57.294
G1 Z.34
G1 E1.5 F1800
M900 K0; Override pressure advance value
G1 F15000
G1 X96.111 Y78.507 E.45348

G1 X74.898 Y99.72 E.45348
G1 E-1.5 F1800
G1 Z.74 F15000
G1 X75.51 Y57.294
G1 Z.34
G1 E1.5 F1800
G1 F15000
G1 X96.723 Y78.507 E.45348

G1 X75.51 Y99.72 E.45348
G1 E-1.5 F1800
G1 Z.74 F15000
G1 X76.122 Y57.294
G1 Z.34
G1 E1.5 F1800
G1 F15000
G1 X97.336 Y78.507 E.45348

G1 X76.122 Y99.72 E.45348
G1 E-1.5 F1800
G1 Z.74 F15000
G1 X78.572 Y57.294
G1 Z.34
G1 E1.5 F1800
M900 K0.005; Override pressure advance value
G1 F15000
G1 X99.786 Y78.507 E.45348

G1 X78.572 Y99.72 E.45348
G1 E-1.5 F1800
G1 Z.74 F15000
G1 X79.184 Y57.294
G1 Z.34
G1 E1.5 F1800
G1 F15000
G1 X100.398 Y78.507 E.45348

G1 X79.184 Y99.72 E.45348
G1 E-1.5 F1800
G1 Z.74 F15000
G1 X79.797 Y57.294
G1 Z.34
G1 E1.5 F1800
G1 F15000
G1 X101.01 Y78.507 E.45348

G1 X79.797 Y99.72 E.45348
M73 P92 R1
G1 E-1.5 F1800
G1 Z.74 F15000
G1 X82.247 Y57.294
G1 Z.34
G1 E1.5 F1800
M900 K0.01; Override pressure advance value
G1 F15000
G1 X103.46 Y78.507 E.45348

G1 X82.247 Y99.72 E.45348
G1 E-1.5 F1800
G1 Z.74 F15000
G1 X82.859 Y57.294
G1 Z.34
G1 E1.5 F1800
G1 F15000
G1 X104.072 Y78.507 E.45348

G1 X82.859 Y99.72 E.45348
G1 E-1.5 F1800
G1 Z.74 F15000
G1 X83.471 Y57.294
G1 Z.34
G1 E1.5 F1800
G1 F15000
G1 X104.684 Y78.507 E.45348

G1 X83.471 Y99.72 E.45348
G1 E-1.5 F1800
G1 Z.74 F15000
G1 X85.921 Y57.294
G1 Z.34
G1 E1.5 F1800
M900 K0.015; Override pressure advance value
G1 F15000
G1 X107.134 Y78.507 E.45348

G1 X85.921 Y99.72 E.45348
G1 E-1.5 F1800
G1 Z.74 F15000
G1 X86.533 Y57.294
G1 Z.34
G1 E1.5 F1800
G1 F15000
G1 X107.746 Y78.507 E.45348

G1 X86.533 Y99.72 E.45348
G1 E-1.5 F1800
G1 Z.74 F15000
G1 X87.145 Y57.294
G1 Z.34
G1 E1.5 F1800
G1 F15000
G1 X108.358 Y78.507 E.45348

G1 X87.145 Y99.72 E.45348
G1 E-1.5 F1800
G1 Z.74 F15000
G1 X89.595 Y57.294
G1 Z.34
G1 E1.5 F1800
M900 K0.02; Override pressure advance value
G1 F15000
G1 X110.808 Y78.507 E.45348

G1 X89.595 Y99.72 E.45348
G1 E-1.5 F1800
G1 Z.74 F15000
G1 X90.207 Y57.294
G1 Z.34
G1 E1.5 F1800
G1 F15000
G1 X111.42 Y78.507 E.45348

G1 X90.207 Y99.72 E.45348
G1 E-1.5 F1800
G1 Z.74 F15000
G1 X90.819 Y57.294
G1 Z.34
G1 E1.5 F1800
G1 F15000
G1 X112.033 Y78.507 E.45348

G1 X90.819 Y99.72 E.45348
G1 E-1.5 F1800
G1 Z.74 F15000
G1 X93.269 Y57.294
G1 Z.34
G1 E1.5 F1800
M900 K0.025; Override pressure advance value
G1 F15000
G1 X114.483 Y78.507 E.45348

G1 X93.269 Y99.72 E.45348
M73 P93 R1
G1 E-1.5 F1800
G1 Z.74 F15000
G1 X93.881 Y57.294
G1 Z.34
G1 E1.5 F1800
G1 F15000
G1 X115.095 Y78.507 E.45348

G1 X93.881 Y99.72 E.45348
G1 E-1.5 F1800
G1 Z.74 F15000
G1 X94.494 Y57.294
G1 Z.34
G1 E1.5 F1800
G1 F15000
G1 X115.707 Y78.507 E.45348

G1 X94.494 Y99.72 E.45348
G1 E-1.5 F1800
G1 Z.74 F15000
G1 X96.944 Y57.294
G1 Z.34
G1 E1.5 F1800
M900 K0.03; Override pressure advance value
G1 F15000
G1 X118.157 Y78.507 E.45348

G1 X96.944 Y99.72 E.45348
G1 E-1.5 F1800
G1 Z.74 F15000
G1 X97.556 Y57.294
G1 Z.34
G1 E1.5 F1800
G1 F15000
G1 X118.769 Y78.507 E.45348

G1 X97.556 Y99.72 E.45348
G1 E-1.5 F1800
G1 Z.74 F15000
G1 X98.168 Y57.294
G1 Z.34
G1 E1.5 F1800
G1 F15000
G1 X119.381 Y78.507 E.45348

G1 X98.168 Y99.72 E.45348
G1 E-1.5 F1800
G1 Z.74 F15000
G1 X100.618 Y57.294
G1 Z.34
G1 E1.5 F1800
M900 K0.035; Override pressure advance value
G1 F15000
G1 X121.831 Y78.507 E.45348

G1 X100.618 Y99.72 E.45348
G1 E-1.5 F1800
G1 Z.74 F15000
G1 X101.23 Y57.294
G1 Z.34
G1 E1.5 F1800
G1 F15000
G1 X122.443 Y78.507 E.45348

G1 X101.23 Y99.72 E.45348
G1 E-1.5 F1800
G1 Z.74 F15000
G1 X101.842 Y57.294
G1 Z.34
G1 E1.5 F1800
G1 F15000
G1 X123.055 Y78.507 E.45348

G1 X101.842 Y99.72 E.45348
G1 E-1.5 F1800
G1 Z.74 F15000
G1 X104.292 Y57.294
G1 Z.34
G1 E1.5 F1800
M900 K0.04; Override pressure advance value
G1 F15000
G1 X125.505 Y78.507 E.45348

G1 X104.292 Y99.72 E.45348
M73 P93 R0
G1 E-1.5 F1800
G1 Z.74 F15000
G1 X104.904 Y57.294
G1 Z.34
G1 E1.5 F1800
G1 F15000
G1 X126.117 Y78.507 E.45348

G1 X104.904 Y99.72 E.45348
M73 P94 R0
G1 E-1.5 F1800
G1 Z.74 F15000
G1 X105.516 Y57.294
G1 Z.34
G1 E1.5 F1800
G1 F15000
G1 X126.729 Y78.507 E.45348

G1 X105.516 Y99.72 E.45348
G1 E-1.5 F1800
G1 Z.74 F15000
G1 X107.966 Y57.294
G1 Z.34
G1 E1.5 F1800
M900 K0.045; Override pressure advance value
G1 F15000
G1 X129.179 Y78.507 E.45348

G1 X107.966 Y99.72 E.45348
G1 E-1.5 F1800
G1 Z.74 F15000
G1 X108.578 Y57.294
G1 Z.34
G1 E1.5 F1800
G1 F15000
G1 X129.792 Y78.507 E.45348

G1 X108.578 Y99.72 E.45348
G1 E-1.5 F1800
G1 Z.74 F15000
G1 X109.19 Y57.294
G1 Z.34
G1 E1.5 F1800
G1 F15000
G1 X130.404 Y78.507 E.45348

G1 X109.19 Y99.72 E.45348
G1 E-1.5 F1800
G1 Z.74 F15000
G1 X111.64 Y57.294
G1 Z.34
G1 E1.5 F1800
M900 K0.05; Override pressure advance value
G1 F15000
G1 X132.854 Y78.507 E.45348

G1 X111.64 Y99.72 E.45348
G1 E-1.5 F1800
G1 Z.74 F15000
G1 X112.253 Y57.294
G1 Z.34
G1 E1.5 F1800
G1 F15000
G1 X133.466 Y78.507 E.45348

G1 X112.253 Y99.72 E.45348
G1 E-1.5 F1800
G1 Z.74 F15000
G1 X112.865 Y57.294
G1 Z.34
G1 E1.5 F1800
G1 F15000
G1 X134.078 Y78.507 E.45348

G1 X112.865 Y99.72 E.45348
G1 E-1.5 F1800
G1 Z.74 F15000
G1 X115.315 Y57.294
G1 Z.34
G1 E1.5 F1800
M900 K0.055; Override pressure advance value
G1 F15000
G1 X136.528 Y78.507 E.45348

G1 X115.315 Y99.72 E.45348
G1 E-1.5 F1800
G1 Z.74 F15000
G1 X115.927 Y57.294
G1 Z.34
G1 E1.5 F1800
G1 F15000
G1 X137.14 Y78.507 E.45348

G1 X115.927 Y99.72 E.45348
G1 E-1.5 F1800
G1 Z.74 F15000
G1 X116.539 Y57.294
G1 Z.34
G1 E1.5 F1800
G1 F15000
G1 X137.752 Y78.507 E.45348

G1 X116.539 Y99.72 E.45348
M73 P95 R0
G1 E-1.5 F1800
G1 Z.74 F15000
G1 X118.989 Y57.294
G1 Z.34
G1 E1.5 F1800
M900 K0.06; Override pressure advance value
G1 F15000
G1 X140.202 Y78.507 E.45348

G1 X118.989 Y99.72 E.45348
G1 E-1.5 F1800
G1 Z.74 F15000
G1 X119.601 Y57.294
G1 Z.34
G1 E1.5 F1800
G1 F15000
G1 X140.814 Y78.507 E.45348

G1 X119.601 Y99.72 E.45348
G1 E-1.5 F1800
G1 Z.74 F15000
G1 X120.213 Y57.294
G1 Z.34
G1 E1.5 F1800
G1 F15000
G1 X141.426 Y78.507 E.45348

G1 X120.213 Y99.72 E.45348
G1 E-1.5 F1800
G1 Z.74 F15000
G1 X122.663 Y57.294
G1 Z.34
G1 E1.5 F1800
M900 K0.065; Override pressure advance value
G1 F15000
G1 X143.876 Y78.507 E.45348

G1 X122.663 Y99.72 E.45348
G1 E-1.5 F1800
G1 Z.74 F15000
G1 X123.275 Y57.294
G1 Z.34
G1 E1.5 F1800
G1 F15000
G1 X144.488 Y78.507 E.45348

G1 X123.275 Y99.72 E.45348
G1 E-1.5 F1800
G1 Z.74 F15000
G1 X123.887 Y57.294
G1 Z.34
G1 E1.5 F1800
G1 F15000
G1 X145.101 Y78.507 E.45348

G1 X123.887 Y99.72 E.45348
G1 E-1.5 F1800
G1 Z.74 F15000
G1 X126.337 Y57.294
G1 Z.34
G1 E1.5 F1800
M900 K0.07; Override pressure advance value
G1 F15000
G1 X147.551 Y78.507 E.45348

G1 X126.337 Y99.72 E.45348
G1 E-1.5 F1800
G1 Z.74 F15000
G1 X126.95 Y57.294
G1 Z.34
G1 E1.5 F1800
G1 F15000
G1 X148.163 Y78.507 E.45348

G1 X126.95 Y99.72 E.45348
G1 E-1.5 F1800
G1 Z.74 F15000
G1 X127.562 Y57.294
G1 Z.34
G1 E1.5 F1800
G1 F15000
G1 X148.775 Y78.507 E.45348

G1 X127.562 Y99.72 E.45348
G1 E-1.5 F1800
G1 Z.74 F15000
G1 X130.012 Y57.294
G1 Z.34
G1 E1.5 F1800
M73 P96 R0
M900 K0.075; Override pressure advance value
G1 F15000
G1 X151.225 Y78.507 E.45348

G1 X130.012 Y99.72 E.45348
G1 E-1.5 F1800
G1 Z.74 F15000
G1 X130.624 Y57.294
G1 Z.34
G1 E1.5 F1800
G1 F15000
G1 X151.837 Y78.507 E.45348

G1 X130.624 Y99.72 E.45348
G1 E-1.5 F1800
G1 Z.74 F15000
G1 X131.236 Y57.294
G1 Z.34
G1 E1.5 F1800
G1 F15000
G1 X152.449 Y78.507 E.45348

G1 X131.236 Y99.72 E.45348
G1 E-1.5 F1800
G1 Z.74 F15000
G1 X133.686 Y57.294
G1 Z.34
G1 E1.5 F1800
M900 K0.08; Override pressure advance value
G1 F15000
G1 X154.899 Y78.507 E.45348

G1 X133.686 Y99.72 E.45348
G1 E-1.5 F1800
G1 Z.74 F15000
G1 X134.298 Y57.294
G1 Z.34
G1 E1.5 F1800
G1 F15000
G1 X155.511 Y78.507 E.45348

G1 X134.298 Y99.72 E.45348
G1 E-1.5 F1800
G1 Z.74 F15000
G1 X134.91 Y57.294
G1 Z.34
G1 E1.5 F1800
G1 F15000
G1 X156.123 Y78.507 E.45348

G1 X134.91 Y99.72 E.45348
M900 K0; Override pressure advance value
; end pressure advance pattern for layer

G1 E-1.5 F1800
M486 S0
G1 X73.671 Y136.203 Z.34 F15000
G1 E1.5 F1800
;TYPE:Outer wall
G1 F7500
G1 X78.251 Y136.203 E.0625
G1 X78.251 Y140.783 E.0625
G1 X73.671 Y140.783 E.0625
G1 X73.671 Y136.243 E.06195
G1 E-1.5 F1800
G1 X74.11 Y136.643 F15000
G1 X74.112 Y136.676
G1 X75.712 Y138.245
G1 E1.5 F1800
;TYPE:Top surface
;WIDTH:0.51457
G1 F780
G1 X75.712 Y138.742 E.00838
G1 X76.21 Y138.742 E.00838
G1 X76.21 Y138.245 E.00838
G1 X75.752 Y138.245 E.00771
G1 X75.262 Y137.794 F15000
;WIDTH:0.419999
G1 F780
G1 X75.262 Y139.192 E.01907
G1 X76.66 Y139.192 E.01907
G1 X76.66 Y137.794 E.01907
G1 X75.302 Y137.794 E.01853
G1 X74.859 Y137.392 F15000
G1 F780
G1 X74.859 Y139.595 E.03007
G1 X77.063 Y139.595 E.03007
G1 X77.063 Y137.392 E.03007
G1 X74.899 Y137.392 E.02952
G1 X74.457 Y136.989 F15000
G1 F780
G1 X74.457 Y139.998 E.04106
G1 X77.466 Y139.998 E.04106
G1 X77.466 Y136.989 E.04106
G1 X74.497 Y136.989 E.04051
G1 X74.054 Y136.586 F15000
G1 F780
G1 X74.054 Y140.401 E.05205
G1 X77.868 Y140.401 E.05205
G1 X77.868 Y136.586 E.05205
G1 X74.094 Y136.586 E.05151
G1 E-1.5 F1800
M73 P97 R0
G1 F15000
G1 X75.0778 Y136.969 Z0.397143
G1 X75.3918 Y137.977 Z0.454286
G1 X74.7992 Y138.851 Z0.511429
G1 X73.7464 Y138.933 Z0.568571
G1 X73.026 Y138.161 Z0.625714
G1 X73.1806 Y137.116 Z0.682857
G1 X74.0938 Y136.586 Z0.74
G1 X78.186 Y136.268 Z.74
G1 Z.34
G1 E1.5 F1800
;TYPE:Ironing
;WIDTH:0.400644
;HEIGHT:0.003
G1 F780
G1 X78.186 Y140.718 E.00226
G1 X73.736 Y140.718 E.00226
G1 X73.736 Y136.268 E.00226
G1 X78.186 Y136.268 E.00226
G1 X78.036 Y136.418 F15000
G1 F780
G1 X78.036 Y140.568 E.00211
G1 X73.886 Y140.568 E.00211
G1 X73.886 Y136.418 E.00211
G1 X78.036 Y136.418 E.00211
G1 X77.886 Y136.568 F15000
G1 F780
G1 X77.886 Y140.418 E.00196
G1 X74.036 Y140.418 E.00196
G1 X74.036 Y136.568 E.00196
G1 X77.886 Y136.568 E.00196
G1 X77.736 Y136.718 F15000
G1 F780
G1 X77.736 Y140.268 E.0018
G1 X74.186 Y140.268 E.0018
G1 X74.186 Y136.718 E.0018
G1 X77.736 Y136.718 E.0018
G1 X77.586 Y136.868 F15000
G1 F780
G1 X77.586 Y140.118 E.00165
G1 X74.336 Y140.118 E.00165
G1 X74.336 Y136.868 E.00165
G1 X77.586 Y136.868 E.00165
G1 X77.436 Y137.018 F15000
G1 F780
G1 X77.436 Y139.968 E.0015
G1 X74.486 Y139.968 E.0015
G1 X74.486 Y137.018 E.0015
G1 X77.436 Y137.018 E.0015
G1 X77.286 Y137.168 F15000
G1 F780
G1 X77.286 Y139.818 E.00135
G1 X74.636 Y139.818 E.00135
G1 X74.636 Y137.168 E.00135
G1 X77.286 Y137.168 E.00135
G1 X77.136 Y137.318 F15000
G1 F780
G1 X77.136 Y139.668 E.00119
G1 X74.786 Y139.668 E.00119
G1 X74.786 Y137.318 E.00119
G1 X77.136 Y137.318 E.00119
G1 X76.986 Y137.468 F15000
G1 F780
G1 X76.986 Y139.518 E.00104
G1 X74.936 Y139.518 E.00104
G1 X74.936 Y137.468 E.00104
G1 X76.986 Y137.468 E.00104
G1 X76.836 Y137.618 F15000
M73 P98 R0
G1 F780
G1 X76.836 Y139.368 E.00089
G1 X75.086 Y139.368 E.00089
G1 X75.086 Y137.618 E.00089
G1 X76.836 Y137.618 E.00089
G1 X76.686 Y137.768 F15000
G1 F780
G1 X76.686 Y139.218 E.00074
G1 X75.236 Y139.218 E.00074
G1 X75.236 Y137.768 E.00074
G1 X76.686 Y137.768 E.00074
G1 X76.536 Y137.918 F15000
G1 F780
G1 X76.536 Y139.068 E.00058
G1 X75.386 Y139.068 E.00058
G1 X75.386 Y137.918 E.00058
G1 X76.536 Y137.918 E.00058
G1 X76.386 Y138.068 F15000
G1 F780
G1 X76.386 Y138.918 E.00043
G1 X75.536 Y138.918 E.00043
G1 X75.536 Y138.068 E.00043
G1 X76.386 Y138.068 E.00043
G1 X76.236 Y138.218 F15000
G1 F780
G1 X76.236 Y138.768 E.00028
G1 X75.686 Y138.768 E.00028
G1 X75.686 Y138.218 E.00028
G1 X76.236 Y138.218 E.00028
G1 X76.086 Y138.368 F15000
G1 F780
G1 X76.086 Y138.618 E.00013
G1 X75.836 Y138.618 E.00013
G1 X75.836 Y138.368 E.00013
G1 X76.086 Y138.368 E.00013
G1 E-1.5 F1800
M486 S-1
M486 S0
G1 F15000
G1 X76.5797 Y137.435 Z0.397143
G1 X77.6174 Y137.238 Z0.454286
G1 X78.4177 Y137.927 Z0.511429
G1 X78.378 Y138.983 Z0.568571
G1 X77.5282 Y139.61 Z0.625714
G1 X76.5082 Y139.336 Z0.682857
G1 X76.0861 Y138.368 Z0.74
G1 X78.251 Y80.797 Z.74
G1 Z.34
G1 E1.5 F1800
;TYPE:Outer wall
;WIDTH:0.419999
;HEIGHT:0.08
G1 F15000
G1 X73.671 Y80.797 E.0625
G1 X73.671 Y76.217 E.0625
G1 X78.251 Y76.217 E.0625
G1 X78.251 Y80.757 E.06195
G1 E-1.5 F1800
G1 X77.812 Y80.358 F15000
G1 X77.81 Y80.323
G1 X75.712 Y78.258
G1 E1.5 F1800
;TYPE:Top surface
;WIDTH:0.51457
G1 F780
G1 X75.712 Y78.756 E.00838
G1 X76.21 Y78.756 E.00838
G1 X76.21 Y78.258 E.00838
G1 X75.752 Y78.258 E.00771
G1 X75.262 Y77.808 F15000
;WIDTH:0.419999
G1 F780
G1 X75.262 Y79.206 E.01907
G1 X76.66 Y79.206 E.01907
G1 X76.66 Y77.808 E.01907
G1 X75.302 Y77.808 E.01853
G1 X74.859 Y77.405 F15000
G1 F780
G1 X74.859 Y79.608 E.03007
G1 X77.063 Y79.608 E.03007
G1 X77.063 Y77.405 E.03007
G1 X74.899 Y77.405 E.02952
G1 X74.457 Y77.002 F15000
G1 F780
G1 X74.457 Y80.011 E.04106
G1 X77.466 Y80.011 E.04106
G1 X77.466 Y77.002 E.04106
G1 X74.497 Y77.002 E.04051
G1 X74.054 Y76.599 F15000
G1 F780
G1 X74.054 Y80.414 E.05205
G1 X77.868 Y80.414 E.05205
G1 X77.868 Y76.599 E.05205
G1 X74.094 Y76.599 E.05151
G1 E-1.5 F1800
G1 F15000
G1 X75.0778 Y76.9827 Z0.397143
G1 X75.3918 Y77.991 Z0.454286
G1 X74.7992 Y78.8651 Z0.511429
G1 X73.7464 Y78.9468 Z0.568571
G1 X73.026 Y78.1746 Z0.625714
G1 X73.1806 Y77.13 Z0.682857
G1 X74.0938 Y76.5995 Z0.74
G1 X78.186 Y76.282 Z.74
G1 Z.34
G1 E1.5 F1800
;TYPE:Ironing
;WIDTH:0.400644
;HEIGHT:0.003
G1 F780
G1 X78.186 Y80.732 E.00226
G1 X73.736 Y80.732 E.00226
G1 X73.736 Y76.282 E.00226
G1 X78.186 Y76.282 E.00226
G1 X78.036 Y76.432 F15000
G1 F780
G1 X78.036 Y80.582 E.00211
G1 X73.886 Y80.582 E.00211
G1 X73.886 Y76.432 E.00211
G1 X78.036 Y76.432 E.00211
G1 X77.886 Y76.582 F15000
M73 P99 R0
G1 F780
G1 X77.886 Y80.432 E.00196
G1 X74.036 Y80.432 E.00196
G1 X74.036 Y76.582 E.00196
G1 X77.886 Y76.582 E.00196
G1 X77.736 Y76.732 F15000
G1 F780
G1 X77.736 Y80.282 E.0018
G1 X74.186 Y80.282 E.0018
G1 X74.186 Y76.732 E.0018
G1 X77.736 Y76.732 E.0018
G1 X77.586 Y76.882 F15000
G1 F780
G1 X77.586 Y80.132 E.00165
G1 X74.336 Y80.132 E.00165
G1 X74.336 Y76.882 E.00165
G1 X77.586 Y76.882 E.00165
G1 X77.436 Y77.032 F15000
G1 F780
G1 X77.436 Y79.982 E.0015
G1 X74.486 Y79.982 E.0015
G1 X74.486 Y77.032 E.0015
G1 X77.436 Y77.032 E.0015
G1 X77.286 Y77.182 F15000
G1 F780
G1 X77.286 Y79.832 E.00135
G1 X74.636 Y79.832 E.00135
G1 X74.636 Y77.182 E.00135
G1 X77.286 Y77.182 E.00135
G1 X77.136 Y77.332 F15000
G1 F780
G1 X77.136 Y79.682 E.00119
G1 X74.786 Y79.682 E.00119
G1 X74.786 Y77.332 E.00119
G1 X77.136 Y77.332 E.00119
G1 X76.986 Y77.482 F15000
G1 F780
G1 X76.986 Y79.532 E.00104
G1 X74.936 Y79.532 E.00104
G1 X74.936 Y77.482 E.00104
G1 X76.986 Y77.482 E.00104
G1 X76.836 Y77.632 F15000
G1 F780
G1 X76.836 Y79.382 E.00089
G1 X75.086 Y79.382 E.00089
G1 X75.086 Y77.632 E.00089
G1 X76.836 Y77.632 E.00089
G1 X76.686 Y77.782 F15000
G1 F780
G1 X76.686 Y79.232 E.00074
G1 X75.236 Y79.232 E.00074
G1 X75.236 Y77.782 E.00074
G1 X76.686 Y77.782 E.00074
G1 X76.536 Y77.932 F15000
G1 F780
G1 X76.536 Y79.082 E.00058
G1 X75.386 Y79.082 E.00058
G1 X75.386 Y77.932 E.00058
G1 X76.536 Y77.932 E.00058
G1 X76.386 Y78.082 F15000
G1 F780
G1 X76.386 Y78.932 E.00043
G1 X75.536 Y78.932 E.00043
G1 X75.536 Y78.082 E.00043
G1 X76.386 Y78.082 E.00043
G1 X76.236 Y78.232 F15000
G1 F780
G1 X76.236 Y78.782 E.00028
G1 X75.686 Y78.782 E.00028
G1 X75.686 Y78.232 E.00028
G1 X76.236 Y78.232 E.00028
G1 X76.086 Y78.382 F15000
G1 F780
G1 X76.086 Y78.632 E.00013
G1 X75.836 Y78.632 E.00013
G1 X75.836 Y78.382 E.00013
G1 X76.086 Y78.382 E.00013
G1 E-1.5 F1800
M486 S-1
M106 S0
;TYPE:Custom
; filament end gcode 
;PRINT_END
M400 ;Wait for moves to finish
M83 ;Extruder relative mode
G92 E0 ;Reset extruder

G1 E-3 F1800 ;Retract filament
G90 ;Absolute positioning
G1 Z5.34 F1200 ;Move print head up
G1 X10 Y184 F18000 ;Park print head

M106 S0 ;Turn-off fan
M104 S0 ;Turn-off hotend
M140 S0 ;Turn-off bed

M84 X Y E ;Disable all steppers but Z
M73 P100 R0
; EXECUTABLE_BLOCK_END

; filament used [mm] = 563.85
; filament used [cm3] = 1.36
; filament used [g] = 1.72
; filament cost = 0.05
; total filament used [g] = 1.72
; total filament cost = 0.05
; total layers count = 4
; estimated printing time (normal mode) = 16m 16s
; estimated first layer printing time (normal mode) = 8m 51s

; CONFIG_BLOCK_START
; accel_to_decel_enable = 0
; accel_to_decel_factor = 50%
; activate_air_filtration = 0
; activate_air_filtration_during_print = 1
; activate_air_filtration_on_completion = 1
; activate_chamber_temp_control = 0
; adaptive_bed_mesh_margin = 0
; adaptive_pressure_advance = 0
; adaptive_pressure_advance_bridges = 0
; adaptive_pressure_advance_model = 0,0,0
; adaptive_pressure_advance_overhangs = 1
; additional_cooling_fan_speed = 0
; additional_fan_full_speed_layer = 0
; align_infill_direction_to_model = 0
; alternate_extra_wall = 0
; auxiliary_fan = 0
; bbl_calib_mark_logo = 1
; bbl_use_printhost = 0
; bed_custom_model = 
; bed_custom_texture = 
; bed_exclude_area = 0x0
; bed_mesh_max = 99999,99999
; bed_mesh_min = -99999,-99999
; bed_mesh_probe_distance = 50,50
; bed_temperature_formula = by_highest_temp
; before_layer_change_gcode = ;BEFORE_LAYER_CHANGE\n;[layer_z]\nG92 E0\n
; best_object_pos = 0.5,0.5
; bottom_shell_layers = 4
; bottom_shell_thickness = 0.8
; bottom_solid_infill_flow_ratio = 1
; bottom_surface_density = 100%
; bottom_surface_filament_id = 0
; bottom_surface_pattern = concentric
; bridge_acceleration = 50%
; bridge_angle = 0
; bridge_density = 100%
; bridge_flow = 1
; bridge_line_width = 100%
; bridge_no_support = 0
; bridge_speed = 100
; brim_ears_detection_length = 1
; brim_ears_max_angle = 125
; brim_flow_ratio = 1
; brim_object_gap = 0.1
; brim_type = no_brim
; brim_use_efc_outline = 0
; brim_width = 2
; calib_flowrate_topinfill_special_order = 0
; chamber_minimal_temperature = 0
; chamber_temperature = 0
; change_extrusion_role_gcode = 
; change_filament_gcode = M600
; close_additional_fan_first_x_layers = 1
; close_fan_the_first_x_layers = 3
; combine_brims = 0
; complete_print_exhaust_fan_speed = 70
; cool_plate_temp = 60
; cool_plate_temp_initial_layer = 60
; cooling_tube_length = 5
; cooling_tube_retraction = 90
; counterbore_hole_bridging = none
; curr_bed_type = High Temp Plate
; default_acceleration = 3000
; default_bed_type = 
; default_filament_colour = ""
; default_filament_profile = "Elegoo PLA @EN3 Series"
; default_jerk = 0
; default_junction_deviation = 0
; default_nozzle_volume_type = Standard
; default_print_profile = 0.20mm Standard @Elegoo N3Pro 0.4 nozzle
; deretraction_speed = 30
; detect_narrow_internal_solid_infill = 1
; detect_overhang_wall = 1
; detect_thin_wall = 0
; different_settings_to_system = bottom_surface_pattern;bridge_speed;brim_type;brim_width;default_acceleration;enable_arc_fitting;enable_support;extrusion_rate_smoothing_external_perimeter_only;gap_infill_speed;gyroid_optimized;initial_layer_acceleration;initial_layer_line_width;initial_layer_print_height;inner_wall_acceleration;inner_wall_speed;internal_solid_infill_speed;ironing_pattern;ironing_type;layer_height;line_width;max_volumetric_extrusion_rate_slope;outer_wall_acceleration;outer_wall_speed;overhang_1_4_speed;overhang_2_4_speed;overhang_3_4_speed;overhang_4_4_speed;reduce_crossing_wall;role_based_wipe_speed;scarf_angle_threshold;scarf_joint_speed;seam_position;seam_slope_steps;seam_slope_type;skirt_type;slow_down_layers;sparse_infill_pattern;sparse_infill_speed;support_critical_regions_only;support_style;support_type;top_shell_layers;top_surface_acceleration;top_surface_pattern;top_surface_speed;travel_acceleration;travel_speed;wall_generator;wall_loops;wall_sequence;wipe_speed;zaa_enabled;filament_retract_when_changing_layer;filament_wipe;gcode_flavor;input_shaping_type;machine_end_gcode;machine_max_acceleration_e;machine_max_acceleration_extruding;machine_max_acceleration_retracting;machine_max_acceleration_travel;machine_max_acceleration_x;machine_max_acceleration_y;machine_max_acceleration_z;machine_max_junction_deviation;machine_max_speed_e;machine_max_speed_x;machine_max_speed_y;machine_max_speed_z;machine_start_gcode;retract_lift_enforce;retract_when_changing_layer;thumbnails;thumbnails_format;wipe;z_hop_types
; disable_m73 = 0
; dont_filter_internal_bridges = disabled
; dont_slow_down_outer_wall = 1
; draft_shield = disabled
; during_print_exhaust_fan_speed = 70
; elefant_foot_compensation = 0.1
; elefant_foot_compensation_layers = 1
; elefant_foot_layers_density = 100%
; emit_machine_limits_to_gcode = 1
; enable_arc_fitting = 0
; enable_extra_bridge_layer = disabled
; enable_filament_ramming = 0
; enable_long_retraction_when_cut = 0
; enable_overhang_bridge_fan = 1
; enable_overhang_speed = 1
; enable_power_loss_recovery = printer_configuration
; enable_pressure_advance = 1
; enable_prime_tower = 0
; enable_support = 1
; enable_tower_interface_cooldown_during_tower = 0
; enable_tower_interface_features = 0
; enable_wrapping_detection = 0
; enforce_support_layers = 0
; eng_plate_temp = 0
; eng_plate_temp_initial_layer = 0
; ensure_vertical_shell_thickness = ensure_all
; exclude_object = 1
; extra_loading_move = -2
; extra_perimeters_on_overhangs = 0
; extra_solid_infills = 
; extruder_ams_count = 1#0|4#0;1#0|4#0
; extruder_clearance_height_to_lid = 34
; extruder_clearance_height_to_rod = 34
; extruder_clearance_radius = 68
; extruder_colour = #000000
; extruder_offset = 0x0
; extruder_printable_area = 
; extruder_printable_height = 0
; extruder_type = Direct Drive
; extruder_variant_list = "Direct Drive Standard"
; extrusion_rate_smoothing_external_perimeter_only = 1
; fan_cooling_layer_time = 30
; fan_kickstart = 0
; fan_max_speed = 100
; fan_min_speed = 50
; fan_speedup_overhangs = 1
; fan_speedup_time = 0
; filament_adaptive_volumetric_speed = 1
; filament_adhesiveness_category = 0
; filament_change_extrusion_role_gcode = ""
; filament_change_length = 10
; filament_colour = #000000
; filament_colour_type = 1
; filament_cooling_before_tower = 10
; filament_cooling_final_speed = 3.4
; filament_cooling_initial_speed = 2.2
; filament_cooling_moves = 4
; filament_cost = 30
; filament_density = 1.27
; filament_diameter = 1.75
; filament_end_gcode = "; filament end gcode \n"
; filament_extruder_variant = "Direct Drive Standard"
; filament_flow_ratio = 1.05
; filament_flush_temp = 0
; filament_flush_volumetric_speed = 0
; filament_ids = GPETGB00
; filament_is_support = 0
; filament_loading_speed = 28
; filament_loading_speed_start = 3
; filament_map = 1
; filament_map_mode = Auto For Flush
; filament_max_volumetric_speed = 21
; filament_minimal_purge_on_wipe_tower = 15
; filament_multi_colour = #000000
; filament_multitool_ramming = 0
; filament_multitool_ramming_flow = 10
; filament_multitool_ramming_volume = 10
; filament_notes = ""
; filament_printable = 3
; filament_ramming_parameters = "120 100 6.6 6.8 7.2 7.6 7.9 8.2 8.7 9.4 9.9 10.0| 0.05 6.6 0.45 6.8 0.95 7.8 1.45 8.3 1.95 9.7 2.45 10 2.95 7.6 3.45 7.6 3.95 7.6 4.45 7.6 4.95 7.6"
; filament_retract_when_changing_layer = 0
; filament_self_index = 1
; filament_settings_id = PETG
; filament_shrink = 100%
; filament_shrinkage_compensation_z = 100%
; filament_soluble = 0
; filament_stamping_distance = 0
; filament_stamping_loading_speed = 0
; filament_start_gcode = "; filament start gcode\n"
; filament_toolchange_delay = 0
; filament_tower_interface_pre_extrusion_dist = 10
; filament_tower_interface_pre_extrusion_length = 0
; filament_tower_interface_print_temp = -1
; filament_tower_interface_purge_volume = 20
; filament_tower_ironing_area = 4
; filament_type = PETG
; filament_unloading_speed = 90
; filament_unloading_speed_start = 100
; filament_vendor = Generic
; filament_wipe = 0
; file_start_gcode = 
; filename_format = EN3Pro_{nozzle_diameter[0]}_{input_filename_base}_{filament_name}_{layer_height}_{print_time}.gcode
; fill_multiline = 1
; filter_out_gap_fill = 1
; first_layer_flow_ratio = 1
; first_layer_print_sequence = 0
; first_x_layer_fan_speed = 0
; flashforge_serial_number = 
; flush_into_infill = 0
; flush_into_objects = 0
; flush_into_support = 1
; flush_multiplier = 0.5
; flush_volumes_matrix = 0
; flush_volumes_vector = 140,140
; full_fan_speed_layer = 4
; fuzzy_skin = disabled_fuzzy
; fuzzy_skin_first_layer = 0
; fuzzy_skin_layers_between_ripple_offset = 1
; fuzzy_skin_mode = displacement
; fuzzy_skin_noise_type = classic
; fuzzy_skin_octaves = 4
; fuzzy_skin_persistence = 0.5
; fuzzy_skin_point_distance = 0.3
; fuzzy_skin_ripple_offset = 50%
; fuzzy_skin_ripples_per_layer = 15
; fuzzy_skin_scale = 1
; fuzzy_skin_thickness = 0.2
; gap_fill_flow_ratio = 1
; gap_fill_target = everywhere
; gap_infill_speed = 250
; gcode_add_line_number = 0
; gcode_comments = 0
; gcode_flavor = marlin2
; gcode_label_objects = 0
; grab_length = 0
; gyroid_optimized = 1
; has_scarf_joint_seam = 1
; head_wrap_detect_zone = 
; high_current_on_filament_swap = 0
; hole_to_polyhole = 0
; hole_to_polyhole_threshold = 0.01
; hole_to_polyhole_twisted = 1
; host_type = elegoolink
; hot_plate_temp = 80
; hot_plate_temp_initial_layer = 80
; idle_temperature = 0
; independent_support_layer_height = 1
; infill_anchor = 400%
; infill_anchor_max = 40
; infill_combination = 0
; infill_combination_max_layer_height = 100%
; infill_direction = 45
; infill_jerk = 9
; infill_lock_depth = 1
; infill_overhang_angle = 60
; infill_shift_step = 0.4
; infill_wall_overlap = 15%
; inherits_group = "0.20mm Standard @Elegoo N3Pro 0.4 nozzle";;"Elegoo Neptune 3 Pro 0.4 nozzle"
; initial_layer_acceleration = 3000
; initial_layer_infill_speed = 50
; initial_layer_jerk = 9
; initial_layer_line_width = 0.56
; initial_layer_min_bead_width = 85%
; initial_layer_print_height = 0.1
; initial_layer_speed = 30
; initial_layer_travel_acceleration = 100%
; initial_layer_travel_jerk = 100%
; initial_layer_travel_speed = 100%
; inner_wall_acceleration = 3000
; inner_wall_filament_id = 0
; inner_wall_flow_ratio = 1
; inner_wall_jerk = 9
; inner_wall_line_width = 0.45
; inner_wall_speed = 250
; input_shaping_damp_x = 0.1
; input_shaping_damp_y = 0.1
; input_shaping_emit = 0
; input_shaping_freq_x = 0
; input_shaping_freq_y = 0
; input_shaping_type = ZV
; interface_shells = 0
; interlocking_beam = 0
; interlocking_beam_layer_count = 2
; interlocking_beam_width = 0.8
; interlocking_boundary_avoidance = 2
; interlocking_depth = 2
; interlocking_orientation = 22.5
; internal_bridge_angle = 0
; internal_bridge_density = 100%
; internal_bridge_fan_speed = -1
; internal_bridge_flow = 0.95
; internal_bridge_speed = 100%
; internal_solid_filament_id = 0
; internal_solid_infill_acceleration = 100%
; internal_solid_infill_flow_ratio = 1
; internal_solid_infill_line_width = 0.42
; internal_solid_infill_pattern = monotonic
; internal_solid_infill_speed = 250
; ironing_angle = 0
; ironing_angle_fixed = 0
; ironing_expansion = 0
; ironing_fan_speed = -1
; ironing_flow = 10%
; ironing_inset = 0
; ironing_pattern = concentric
; ironing_spacing = 0.15
; ironing_speed = 30
; ironing_type = top
; is_infill_first = 0
; lateral_lattice_angle_1 = -45
; lateral_lattice_angle_2 = 45
; layer_change_gcode = ;LAYER:{layer_num+1}\n
; layer_height = 0.08
; lightning_overhang_angle = 45
; lightning_prune_angle = 45
; lightning_straightening_angle = 45
; line_width = 0.45
; long_retractions_when_cut = 0
; long_retractions_when_ec = 0
; machine_end_gcode = ;PRINT_END\nM400 ;Wait for moves to finish\nM83 ;Extruder relative mode\nG92 E0 ;Reset extruder\n\nG1 E-3 F1800 ;Retract filament\nG90 ;Absolute positioning\nG1 Z{min(max_layer_z+5, printable_height)} F1200 ;Move print head up\nG1 X10 Y{print_bed_max[1]*0.8} F18000 ;Park print head\n\nM106 S0 ;Turn-off fan\nM104 S0 ;Turn-off hotend\nM140 S0 ;Turn-off bed\n\nM84 X Y E ;Disable all steppers but Z
; machine_load_filament_time = 0
; machine_max_acceleration_e = 500,1000
; machine_max_acceleration_extruding = 3000,1000
; machine_max_acceleration_retracting = 3000,1000
; machine_max_acceleration_travel = 3000,1000
; machine_max_acceleration_x = 3000,1000
; machine_max_acceleration_y = 3000,1000
; machine_max_acceleration_z = 150,100
; machine_max_jerk_e = 5,5
; machine_max_jerk_x = 8,8
; machine_max_jerk_y = 8,8
; machine_max_jerk_z = 0.4,0.4
; machine_max_junction_deviation = 0.01
; machine_max_speed_e = 25,60
; machine_max_speed_x = 250,300
; machine_max_speed_y = 250,300
; machine_max_speed_z = 15,10
; machine_min_extruding_rate = 0,0
; machine_min_travel_rate = 0,0
; machine_pause_gcode = M600
; machine_start_gcode = M400 ;Wait for moves to finish\n;[printer_model]\n;initial_filament:{filament_type[initial_extruder]}\n;curr_bed_type={curr_bed_type}\n\nM220 S100 ;Set the feed speed to 100%\nM221 S100 ;Set the flow rate to 100%\n\nM140 S[bed_temperature_initial_layer_single] ;Heat bed\nM109 S[nozzle_temperature_initial_layer] ;Heat nozzle and wait\n\nG90 ;Absolute positioning\nM82 ;Extruder absolute mode\n\nG28 ;Home all axes\nM420 S1 ;Load saved mesh\n\nG1 Z10 F1200 ;Move print head up\nG1 X{print_bed_max[0]*0.5-50} Y0.5 F18000 ;Move to purge position\n\nG92 E0 ;Reset extruder\n\nG1 Z0.35 F300 ;Move nozzle close to bed\nG1 X{print_bed_max[0]*0.5+50} E18 F300 ;Draw the first line\nG1 Z0.6 F300 ;Move nozzle up\nG1 X{print_bed_max[0]*0.5+47} F18000 ;Move to side\n\nG92 E0 ;Reset extruder\n\n;LAYER_COUNT:[total_layer_count]\n;LAYER:0
; machine_tool_change_time = 0
; machine_unload_filament_time = 0
; make_overhang_printable = 0
; make_overhang_printable_angle = 55
; make_overhang_printable_hole_size = 0
; manual_filament_change = 1
; master_extruder_id = 1
; max_bridge_length = 10
; max_layer_height = 0.28
; max_resonance_avoidance_speed = 120
; max_travel_detour_distance = 0
; max_volumetric_extrusion_rate_slope = 80
; max_volumetric_extrusion_rate_slope_segment_length = 3
; min_bead_width = 85%
; min_feature_size = 25%
; min_layer_height = 0.08
; min_length_factor = 0.5
; min_resonance_avoidance_speed = 70
; min_skirt_length = 0
; min_width_top_surface = 300%
; minimum_sparse_infill_area = 15
; mmu_segmented_region_interlocking_depth = 0
; mmu_segmented_region_max_width = 0
; notes = 
; nozzle_diameter = 0.4
; nozzle_flush_dataset = 0
; nozzle_height = 2.5
; nozzle_hrc = 0
; nozzle_temperature = 235
; nozzle_temperature_initial_layer = 235
; nozzle_temperature_range_high = 260
; nozzle_temperature_range_low = 220
; nozzle_type = brass
; nozzle_volume = 90
; nozzle_volume_type = Standard
; only_one_wall_first_layer = 0
; only_one_wall_top = 1
; ooze_prevention = 0
; other_layers_print_sequence = 0
; other_layers_print_sequence_nums = 0
; outer_wall_acceleration = 3000
; outer_wall_filament_id = 0
; outer_wall_flow_ratio = 1
; outer_wall_jerk = 9
; outer_wall_line_width = 0.42
; outer_wall_speed = 250
; overhang_1_4_speed = 85%
; overhang_2_4_speed = 65%
; overhang_3_4_speed = 35%
; overhang_4_4_speed = 10%
; overhang_fan_speed = 90
; overhang_fan_threshold = 25%
; overhang_flow_ratio = 1
; overhang_reverse = 0
; overhang_reverse_internal_only = 0
; overhang_reverse_threshold = 50%
; parallel_printheads_bed_exclude_areas = 
; parallel_printheads_count = 1
; parking_pos_retraction = 90
; part_cooling_fan_min_pwm = 0
; pellet_flow_coefficient = 0.4157
; pellet_modded_printer = 0
; physical_extruder_map = 0
; post_process = 
; precise_outer_wall = 0
; precise_z_height = 0
; preferred_orientation = 0
; preheat_steps = 1
; preheat_time = 30
; pressure_advance = 0.04
; prime_tower_brim_width = 3
; prime_tower_enable_framework = 0
; prime_tower_flat_ironing = 0
; prime_tower_infill_gap = 150%
; prime_tower_skip_points = 1
; prime_tower_width = 35
; prime_volume = 45
; print_compatible_printers = "Elegoo Neptune 3 Pro 0.4 nozzle"
; print_extruder_id = 1
; print_extruder_variant = "Direct Drive Standard"
; print_flow_ratio = 0.97
; print_order = default
; print_sequence = by layer
; print_settings_id = 0.20mm Standard @Elegoo N3Pro 0.4 nozzle - PETG 2
; printable_area = 0x0,230x0,230x230,0x230
; printable_height = 280
; printer_agent = 
; printer_extruder_id = 1
; printer_extruder_variant = "Direct Drive Standard"
; printer_model = Elegoo Neptune 3 Pro
; printer_notes = 
; printer_settings_id = Elegoo Neptune 3 Pro 0.4 nozzle - Копировать
; printer_structure = undefine
; printer_technology = FFF
; printer_variant = 0.4
; printhost_authorization_type = key
; printhost_ssl_ignore_revoke = 0
; printing_by_object_gcode = 
; process_change_extrusion_role_gcode = 
; purge_in_prime_tower = 0
; raft_contact_distance = 0.1
; raft_expansion = 1.5
; raft_first_layer_density = 90%
; raft_first_layer_expansion = 2
; raft_layers = 0
; reduce_crossing_wall = 1
; reduce_fan_stop_start_freq = 1
; reduce_infill_retraction = 1
; relative_bridge_angle = 0
; required_nozzle_HRC = 3
; resolution = 0.012
; resonance_avoidance = 0
; retract_before_wipe = 85%
; retract_length_toolchange = 2
; retract_lift_above = 0
; retract_lift_below = 279
; retract_lift_enforce = Top and Bottom
; retract_restart_extra = 0
; retract_restart_extra_toolchange = 0
; retract_when_changing_layer = 0
; retraction_distances_when_cut = 18
; retraction_distances_when_ec = 10
; retraction_length = 1.5
; retraction_minimum_travel = 1
; retraction_speed = 30
; role_based_wipe_speed = 1
; scan_first_layer = 0
; scarf_angle_threshold = 115
; scarf_joint_flow_ratio = 1
; scarf_joint_speed = 75
; scarf_overhang_threshold = 40%
; seam_gap = 10%
; seam_position = nearest
; seam_slope_conditional = 1
; seam_slope_entire_loop = 0
; seam_slope_inner_walls = 1
; seam_slope_min_length = 0
; seam_slope_start_height = 0
; seam_slope_steps = 20
; seam_slope_type = all
; set_other_flow_ratios = 0
; silent_mode = 0
; single_extruder_multi_material = 1
; single_extruder_multi_material_priming = 0
; single_loop_draft_shield = 0
; skeleton_infill_density = 25%
; skeleton_infill_line_width = 100%
; skin_infill_density = 25%
; skin_infill_depth = 2
; skin_infill_line_width = 100%
; skirt_distance = 2
; skirt_height = 1
; skirt_loops = 0
; skirt_speed = 30
; skirt_start_angle = -135
; skirt_type = perobject
; slice_closing_radius = 0.049
; slicing_mode = regular
; slow_down_for_layer_cooling = 1
; slow_down_layer_time = 30
; slow_down_layers = 1
; slow_down_min_speed = 10
; slowdown_for_curled_perimeters = 0
; small_area_infill_flow_compensation = 0
; small_area_infill_flow_compensation_model = 0,0;"\n0.2,0.4444";"\n0.4,0.6145";"\n0.6,0.7059";"\n0.8,0.7619";"\n1.5,0.8571";"\n2,0.8889";"\n3,0.9231";"\n5,0.9520";"\n10,1"
; small_perimeter_speed = 50%
; small_perimeter_threshold = 0
; solid_infill_direction = 45
; solid_infill_rotate_template = 
; sparse_infill_acceleration = 100%
; sparse_infill_density = 15%
; sparse_infill_filament_id = 0
; sparse_infill_flow_ratio = 1
; sparse_infill_line_width = 0.45
; sparse_infill_pattern = gyroid
; sparse_infill_rotate_template = 
; sparse_infill_speed = 250
; spiral_finishing_flow_ratio = 0
; spiral_mode = 0
; spiral_mode_max_xy_smoothing = 200%
; spiral_mode_smooth = 0
; spiral_starting_flow_ratio = 0
; staggered_inner_seams = 0
; standby_temperature_delta = -5
; start_end_points = 30x-3,54x245
; supertack_plate_temp = 35
; supertack_plate_temp_initial_layer = 35
; support_air_filtration = 0
; support_angle = 0
; support_base_pattern = default
; support_base_pattern_spacing = 2.5
; support_bottom_interface_spacing = 0.5
; support_bottom_z_distance = 0.2
; support_chamber_temp_control = 0
; support_critical_regions_only = 1
; support_expansion = 0
; support_filament = 0
; support_flow_ratio = 1
; support_interface_bottom_layers = 2
; support_interface_filament = 0
; support_interface_flow_ratio = 1
; support_interface_loop_pattern = 0
; support_interface_not_for_body = 1
; support_interface_pattern = auto
; support_interface_spacing = 0.5
; support_interface_speed = 30
; support_interface_top_layers = 2
; support_ironing = 0
; support_ironing_flow = 10%
; support_ironing_pattern = rectilinear
; support_ironing_spacing = 0.1
; support_line_width = 0.42
; support_material_interface_fan_speed = -1
; support_multi_bed_types = 0
; support_object_first_layer_gap = 0.2
; support_object_skip_flush = 0
; support_object_xy_distance = 0.35
; support_on_build_plate_only = 0
; support_parallel_printheads = 0
; support_remove_small_overhang = 1
; support_speed = 60
; support_style = tree_slim
; support_threshold_angle = 30
; support_threshold_overlap = 50%
; support_top_z_distance = 0.2
; support_type = tree(auto)
; symmetric_infill_y_axis = 0
; temperature_vitrification = 70
; template_custom_gcode = 
; textured_cool_plate_temp = 40
; textured_cool_plate_temp_initial_layer = 40
; textured_plate_temp = 80
; textured_plate_temp_initial_layer = 80
; thick_bridges = 0
; thick_internal_bridges = 1
; thumbnails = 
; thumbnails_format = PNG
; time_cost = 0
; time_lapse_gcode = 
; timelapse_type = 0
; tool_change_on_wipe_tower = 0
; top_bottom_infill_wall_overlap = 5%
; top_shell_layers = 4
; top_shell_thickness = 1
; top_solid_infill_flow_ratio = 1
; top_surface_acceleration = 3000
; top_surface_density = 100%
; top_surface_filament_id = 0
; top_surface_jerk = 9
; top_surface_line_width = 0.42
; top_surface_pattern = concentric
; top_surface_speed = 250
; travel_acceleration = 3000
; travel_jerk = 12
; travel_slope = 3
; travel_speed = 250
; travel_speed_z = 0
; tree_support_angle_slow = 30
; tree_support_auto_brim = 1
; tree_support_branch_angle = 45
; tree_support_branch_angle_organic = 45
; tree_support_branch_diameter = 2
; tree_support_branch_diameter_angle = 5
; tree_support_branch_diameter_organic = 2
; tree_support_branch_distance = 5
; tree_support_branch_distance_organic = 5
; tree_support_brim_width = 3
; tree_support_tip_diameter = 2
; tree_support_top_rate = 30%
; tree_support_wall_count = 0
; upward_compatible_machine = 
; use_3mf = 0
; use_firmware_retraction = 0
; use_relative_e_distances = 1
; volumetric_speed_coefficients = ""
; wall_direction = ccw
; wall_distribution_count = 1
; wall_generator = arachne
; wall_loops = 3
; wall_maximum_deviation = 0.025
; wall_maximum_resolution = 0.5
; wall_sequence = inner-outer-inner wall
; wall_transition_angle = 10
; wall_transition_filter_deviation = 25%
; wall_transition_length = 100%
; wipe = 0
; wipe_before_external_loop = 0
; wipe_distance = 1.2
; wipe_on_loops = 0
; wipe_speed = 80%
; wipe_tower_bridging = 10
; wipe_tower_cone_angle = 30
; wipe_tower_extra_flow = 100%
; wipe_tower_extra_rib_length = 0
; wipe_tower_extra_spacing = 100%
; wipe_tower_filament = 0
; wipe_tower_fillet_wall = 1
; wipe_tower_max_purge_speed = 90
; wipe_tower_no_sparse_layers = 0
; wipe_tower_rib_width = 8
; wipe_tower_rotation_angle = 0
; wipe_tower_type = type2
; wipe_tower_wall_type = rib
; wipe_tower_x = 165.000
; wipe_tower_x = 165
; wipe_tower_y = 191.296
; wipe_tower_y = 191.296
; wiping_volumes_extruders = 70,70,70,70,70,70,70,70,70,70
; wrapping_detection_gcode = 
; wrapping_detection_layers = 20
; wrapping_exclude_area = 
; xy_contour_compensation = 0
; xy_hole_compensation = 0
; z_hop = 0.4
; z_hop_types = Spiral Lift
; z_offset = 0
; zaa_dont_alternate_fill_direction = 0
; zaa_enabled = 1
; zaa_min_z = 0.05
; zaa_minimize_perimeter_height = 35
; first_layer_bed_temperature = 80
; bed_shape = 0x0,230x0,230x230,0x230
; first_layer_temperature = 235
; first_layer_height = 0.100
; CONFIG_BLOCK_END


